Filename.From.Neha,Bin.ID,Taxon.ID,Bin.Number,TYMEFLIES.Name,New.Filename
3300033978_13.fna,3300033978_13,3300033978,13,ME28Sep2014-rr0002,ME28Sep2014-rr0002_13.fasta
3300033984_17.fna,3300033984_17,3300033984,17,ME13Mar2001-rr0030,ME13Mar2001-rr0030_17.fasta
3300033996_10.fna,3300033996_10,3300033996,10,ME20Jul2016-rr0004,ME20Jul2016-rr0004_10.fasta
3300033996_22.fna,3300033996_22,3300033996,22,ME20Jul2016-rr0004,ME20Jul2016-rr0004_22.fasta
3300034012_7.fna,3300034012_7,3300034012,7,ME18Aug2017-rr0027,ME18Aug2017-rr0027_7.fasta
3300034021_14.fna,3300034021_14,3300034021,14,ME01Oct2014-rr0057,ME01Oct2014-rr0057_14.fasta
3300034021_18.fna,3300034021_18,3300034021,18,ME01Oct2014-rr0057,ME01Oct2014-rr0057_18.fasta
3300034021_30.fna,3300034021_30,3300034021,30,ME01Oct2014-rr0057,ME01Oct2014-rr0057_30.fasta
3300034022_22.fna,3300034022_22,3300034022,22,ME20Apr2018-rr0058,ME20Apr2018-rr0058_22.fasta
3300034061_25.fna,3300034061_25,3300034061,25,ME02Sep2004-rr0028,ME02Sep2004-rr0028_25.fasta
3300034061_26.fna,3300034061_26,3300034061,26,ME02Sep2004-rr0028,ME02Sep2004-rr0028_26.fasta
3300034061_39.fna,3300034061_39,3300034061,39,ME02Sep2004-rr0028,ME02Sep2004-rr0028_39.fasta
3300034068_18.fna,3300034068_18,3300034068,18,ME13Apr2016-rr0031,ME13Apr2016-rr0031_18.fasta
3300034071_16.fna,3300034071_16,3300034071,16,ME17Oct2008D10-rr0110,ME17Oct2008D10-rr0110_16.fasta
3300034082_20.fna,3300034082_20,3300034082,20,ME05Jun2015-rr0088,ME05Jun2015-rr0088_20.fasta
3300034094_10.fna,3300034094_10,3300034094,10,ME11Sep2000-rr0077,ME11Sep2000-rr0077_10.fasta
3300034096_40.fna,3300034096_40,3300034096,40,ME15Oct2015-rr0098,ME15Oct2015-rr0098_40.fasta
3300034102_19.fna,3300034102_19,3300034102,19,ME17Jul2002-rr0112,ME17Jul2002-rr0112_19.fasta
3300034102_28.fna,3300034102_28,3300034102,28,ME17Jul2002-rr0112,ME17Jul2002-rr0112_28.fasta
3300034102_48.fna,3300034102_48,3300034102,48,ME17Jul2002-rr0112,ME17Jul2002-rr0112_48.fasta
3300034103_15.fna,3300034103_15,3300034103,15,ME27Sep2002-rr0119,ME27Sep2002-rr0119_15.fasta
3300034103_51.fna,3300034103_51,3300034103,51,ME27Sep2002-rr0119,ME27Sep2002-rr0119_51.fasta
3300034104_18.fna,3300034104_18,3300034104,18,ME02Aug2005-rr0120,ME02Aug2005-rr0120_18.fasta
3300034106_10.fna,3300034106_10,3300034106,10,ME23Aug2013-rr0131,ME23Aug2013-rr0131_10.fasta
3300034106_9.fna,3300034106_9,3300034106,9,ME23Aug2013-rr0131,ME23Aug2013-rr0131_9.fasta
3300034112_14.fna,3300034112_14,3300034112,14,ME27Aug2014-rr0191,ME27Aug2014-rr0191_14.fasta
3300034112_16.fna,3300034112_16,3300034112,16,ME27Aug2014-rr0191,ME27Aug2014-rr0191_16.fasta
3300034166_14.fna,3300034166_14,3300034166,14,ME13Sep2012-rr0079,ME13Sep2012-rr0079_14.fasta
3300034166_46.fna,3300034166_46,3300034166,46,ME13Sep2012-rr0079,ME13Sep2012-rr0079_46.fasta
3300034283_25.fna,3300034283_25,3300034283,25,ME07Aug2003-rr0061,ME07Aug2003-rr0061_25.fasta
3300034283_32.fna,3300034283_32,3300034283,32,ME07Aug2003-rr0061,ME07Aug2003-rr0061_32.fasta
3300034283_38.fna,3300034283_38,3300034283,38,ME07Aug2003-rr0061,ME07Aug2003-rr0061_38.fasta
3300034283_47.fna,3300034283_47,3300034283,47,ME07Aug2003-rr0061,ME07Aug2003-rr0061_47.fasta
3300034284_30.fna,3300034284_30,3300034284,30,ME08Jul2016-rr0075,ME08Jul2016-rr0075_30.fasta
3300034284_43.fna,3300034284_43,3300034284,43,ME08Jul2016-rr0075,ME08Jul2016-rr0075_43.fasta
3300036719_35.fna,3300036719_35,3300036719,35,ME29Aug2014-rr0070,ME29Aug2014-rr0070_35.fasta
3300037507_13.fna,3300037507_13,3300037507,13,ME11Sep2014-rr0078,ME11Sep2014-rr0078_13.fasta
3300037507_53.fna,3300037507_53,3300037507,53,ME11Sep2014-rr0078,ME11Sep2014-rr0078_53.fasta
3300037517_20.fna,3300037517_20,3300037517,20,ME25Aug2014-rr0139,ME25Aug2014-rr0139_20.fasta
3300037517_24.fna,3300037517_24,3300037517,24,ME25Aug2014-rr0139,ME25Aug2014-rr0139_24.fasta
3300037517_35.fna,3300037517_35,3300037517,35,ME25Aug2014-rr0139,ME25Aug2014-rr0139_35.fasta
3300037541_14.fna,3300037541_14,3300037541,14,ME07Sep2017-rr0141,ME07Sep2017-rr0141_14.fasta
3300042154_6.fna,3300042154_6,3300042154,6,ME25May2000-rr0732,ME25May2000-rr0732_6.fasta
3300042288_12.fna,3300042288_12,3300042288,12,ME03Aug2015-rr0395,ME03Aug2015-rr0395_12.fasta
3300042289_160.fna,3300042289_160,3300042289,160,ME16Sep2015-rr0402,ME16Sep2015-rr0402_160.fasta
3300042289_165.fna,3300042289_165,3300042289,165,ME16Sep2015-rr0402,ME16Sep2015-rr0402_165.fasta
3300042289_95.fna,3300042289_95,3300042289,95,ME16Sep2015-rr0402,ME16Sep2015-rr0402_95.fasta
3300042290_61.fna,3300042290_61,3300042290,61,ME11Jul2003-ww0406,ME11Jul2003-ww0406_61.fasta
3300042290_9.fna,3300042290_9,3300042290,9,ME11Jul2003-ww0406,ME11Jul2003-ww0406_9.fasta
3300042291_43.fna,3300042291_43,3300042291,43,ME19May2004-rr0407,ME19May2004-rr0407_43.fasta
3300042291_92.fna,3300042291_92,3300042291,92,ME19May2004-rr0407,ME19May2004-rr0407_92.fasta
3300042292_15.fna,3300042292_15,3300042292,15,ME25Oct2015-rr0416,ME25Oct2015-rr0416_15.fasta
3300042292_75.fna,3300042292_75,3300042292,75,ME25Oct2015-rr0416,ME25Oct2015-rr0416_75.fasta
3300042293_21.fna,3300042293_21,3300042293,21,ME02Apr2012-rr0403,ME02Apr2012-rr0403_21.fasta
3300042293_78.fna,3300042293_78,3300042293,78,ME02Apr2012-rr0403,ME02Apr2012-rr0403_78.fasta
3300042293_83.fna,3300042293_83,3300042293,83,ME02Apr2012-rr0403,ME02Apr2012-rr0403_83.fasta
3300042294_107.fna,3300042294_107,3300042294,107,ME24Aug2012-rr0417,ME24Aug2012-rr0417_107.fasta
3300042294_67.fna,3300042294_67,3300042294,67,ME24Aug2012-rr0417,ME24Aug2012-rr0417_67.fasta
3300042294_72.fna,3300042294_72,3300042294,72,ME24Aug2012-rr0417,ME24Aug2012-rr0417_72.fasta
3300042295_101.fna,3300042295_101,3300042295,101,ME26Jun2018-rr0419,ME26Jun2018-rr0419_101.fasta
3300042295_104.fna,3300042295_104,3300042295,104,ME26Jun2018-rr0419,ME26Jun2018-rr0419_104.fasta
3300042295_128.fna,3300042295_128,3300042295,128,ME26Jun2018-rr0419,ME26Jun2018-rr0419_128.fasta
3300042295_20.fna,3300042295_20,3300042295,20,ME26Jun2018-rr0419,ME26Jun2018-rr0419_20.fasta
3300042295_67.fna,3300042295_67,3300042295,67,ME26Jun2018-rr0419,ME26Jun2018-rr0419_67.fasta
3300042296_35.fna,3300042296_35,3300042296,35,ME12Jun2015-rr0428,ME12Jun2015-rr0428_35.fasta
3300042296_49.fna,3300042296_49,3300042296,49,ME12Jun2015-rr0428,ME12Jun2015-rr0428_49.fasta
3300042298_108.fna,3300042298_108,3300042298,108,ME22Aug2014-rr0443,ME22Aug2014-rr0443_108.fasta
3300042298_119.fna,3300042298_119,3300042298,119,ME22Aug2014-rr0443,ME22Aug2014-rr0443_119.fasta
3300042298_80.fna,3300042298_80,3300042298,80,ME22Aug2014-rr0443,ME22Aug2014-rr0443_80.fasta
3300042298_96.fna,3300042298_96,3300042298,96,ME22Aug2014-rr0443,ME22Aug2014-rr0443_96.fasta
3300042300_66.fna,3300042300_66,3300042300,66,ME18Aug2014-rr0448,ME18Aug2014-rr0448_66.fasta
3300042301_46.fna,3300042301_46,3300042301,46,ME29Jun2006D9-rr0454,ME29Jun2006D9-rr0454_46.fasta
3300042301_93.fna,3300042301_93,3300042301,93,ME29Jun2006D9-rr0454,ME29Jun2006D9-rr0454_93.fasta
3300042302_26.fna,3300042302_26,3300042302,26,ME23May2017-rr0456,ME23May2017-rr0456_26.fasta
3300042303_21.fna,3300042303_21,3300042303,21,ME21Jun2010-rd0522,ME21Jun2010-rd0522_21.fasta
3300042303_43.fna,3300042303_43,3300042303,43,ME21Jun2010-rd0522,ME21Jun2010-rd0522_43.fasta
3300042303_65.fna,3300042303_65,3300042303,65,ME21Jun2010-rd0522,ME21Jun2010-rd0522_65.fasta
3300042305_45.fna,3300042305_45,3300042305,45,ME05Sep2008D10-rr0585,ME05Sep2008D10-rr0585_45.fasta
3300042305_49.fna,3300042305_49,3300042305,49,ME05Sep2008D10-rr0585,ME05Sep2008D10-rr0585_49.fasta
3300042305_5.fna,3300042305_5,3300042305,5,ME05Sep2008D10-rr0585,ME05Sep2008D10-rr0585_5.fasta
3300042305_60.fna,3300042305_60,3300042305,60,ME05Sep2008D10-rr0585,ME05Sep2008D10-rr0585_60.fasta
3300042306_45.fna,3300042306_45,3300042306,45,ME24Jun2017-rr0410,ME24Jun2017-rr0410_45.fasta
3300042307_127.fna,3300042307_127,3300042307,127,ME08Jun2016-rr0412,ME08Jun2016-rr0412_127.fasta
3300042307_98.fna,3300042307_98,3300042307,98,ME08Jun2016-rr0412,ME08Jun2016-rr0412_98.fasta
3300042309_60.fna,3300042309_60,3300042309,60,ME30Jul2001D7-rr0452,ME30Jul2001D7-rr0452_60.fasta
3300042309_81.fna,3300042309_81,3300042309,81,ME30Jul2001D7-rr0452,ME30Jul2001D7-rr0452_81.fasta
3300042310_13.fna,3300042310_13,3300042310,13,ME30Nov2011-rr0457,ME30Nov2011-rr0457_13.fasta
3300042310_65.fna,3300042310_65,3300042310,65,ME30Nov2011-rr0457,ME30Nov2011-rr0457_65.fasta
3300042312_67.fna,3300042312_67,3300042312,67,ME12Oct2007-rr0556,ME12Oct2007-rr0556_67.fasta
3300042314_80.fna,3300042314_80,3300042314,80,ME23Jun2015-rr0611,ME23Jun2015-rr0611_80.fasta
3300042317_26.fna,3300042317_26,3300042317,26,ME08Oct2002-rr0633,ME08Oct2002-rr0633_26.fasta
3300042317_43.fna,3300042317_43,3300042317,43,ME08Oct2002-rr0633,ME08Oct2002-rr0633_43.fasta
3300042317_45.fna,3300042317_45,3300042317,45,ME08Oct2002-rr0633,ME08Oct2002-rr0633_45.fasta
3300042319_28.fna,3300042319_28,3300042319,28,ME16Jun2015-rd0665,ME16Jun2015-rd0665_28.fasta
3300042320_28.fna,3300042320_28,3300042320,28,ME26Aug2014-rr0704,ME26Aug2014-rr0704_28.fasta
3300042327_72.fna,3300042327_72,3300042327,72,ME27Jun2013-rr0747,ME27Jun2013-rr0747_72.fasta
3300042328_88.fna,3300042328_88,3300042328,88,ME22Oct2002-rr0751,ME22Oct2002-rr0751_88.fasta
3300042334_70.fna,3300042334_70,3300042334,70,ME28May2015-rr0769,ME28May2015-rr0769_70.fasta
3300042335_27.fna,3300042335_27,3300042335,27,ME17Aug2000-rr0408,ME17Aug2000-rr0408_27.fasta
3300042335_3.fna,3300042335_3,3300042335,3,ME17Aug2000-rr0408,ME17Aug2000-rr0408_3.fasta
3300042335_46.fna,3300042335_46,3300042335,46,ME17Aug2000-rr0408,ME17Aug2000-rr0408_46.fasta
3300042335_89.fna,3300042335_89,3300042335,89,ME17Aug2000-rr0408,ME17Aug2000-rr0408_89.fasta
3300042336_9.fna,3300042336_9,3300042336,9,ME10Feb2009D2-rr0600,ME10Feb2009D2-rr0600_9.fasta
3300042337_33.fna,3300042337_33,3300042337,33,ME10Oct2000-rr0673,ME10Oct2000-rr0673_33.fasta
3300042337_40.fna,3300042337_40,3300042337,40,ME10Oct2000-rr0673,ME10Oct2000-rr0673_40.fasta
3300042337_5.fna,3300042337_5,3300042337,5,ME10Oct2000-rr0673,ME10Oct2000-rr0673_5.fasta
3300042338_70.fna,3300042338_70,3300042338,70,ME06Oct2015-rr0707,ME06Oct2015-rr0707_70.fasta
3300042339_32.fna,3300042339_32,3300042339,32,ME10Jun2013-rr0733,ME10Jun2013-rr0733_32.fasta
3300042339_7.fna,3300042339_7,3300042339,7,ME10Jun2013-rr0733,ME10Jun2013-rr0733_7.fasta
3300042340_42.fna,3300042340_42,3300042340,42,ME07Oct2016-rr0736,ME07Oct2016-rr0736_42.fasta
3300042341_48.fna,3300042341_48,3300042341,48,ME21Jun2018-rr0716,ME21Jun2018-rr0716_48.fasta
3300042342_42.fna,3300042342_42,3300042342,42,ME26May2016-rd0738,ME26May2016-rd0738_42.fasta
3300042342_8.fna,3300042342_8,3300042342,8,ME26May2016-rd0738,ME26May2016-rd0738_8.fasta
3300042343_22.fna,3300042343_22,3300042343,22,ME20Oct2001-rr0739,ME20Oct2001-rr0739_22.fasta
3300042343_74.fna,3300042343_74,3300042343,74,ME20Oct2001-rr0739,ME20Oct2001-rr0739_74.fasta
3300042343_82.fna,3300042343_82,3300042343,82,ME20Oct2001-rr0739,ME20Oct2001-rr0739_82.fasta
3300042345_4.fna,3300042345_4,3300042345,4,ME07Oct2009-rr0772,ME07Oct2009-rr0772_4.fasta
3300042346_37.fna,3300042346_37,3300042346,37,ME28Oct2016-rr0776,ME28Oct2016-rr0776_37.fasta
3300042349_57.fna,3300042349_57,3300042349,57,ME09Jul2018-rr0792,ME09Jul2018-rr0792_57.fasta
3300042350_43.fna,3300042350_43,3300042350,43,ME13Aug2013-rr0770,ME13Aug2013-rr0770_43.fasta
3300042350_8.fna,3300042350_8,3300042350,8,ME13Aug2013-rr0770,ME13Aug2013-rr0770_8.fasta
3300042352_10.fna,3300042352_10,3300042352,10,ME20Jun2017-rr0782,ME20Jun2017-rr0782_10.fasta
3300042352_32.fna,3300042352_32,3300042352,32,ME20Jun2017-rr0782,ME20Jun2017-rr0782_32.fasta
3300042354_1.fna,3300042354_1,3300042354,1,ME01Jun2011-rr0788,ME01Jun2011-rr0788_1.fasta
3300042355_53.fna,3300042355_53,3300042355,53,ME25Aug2018-rr0790,ME25Aug2018-rr0790_53.fasta
3300042355_57.fna,3300042355_57,3300042355,57,ME25Aug2018-rr0790,ME25Aug2018-rr0790_57.fasta
3300042355_63.fna,3300042355_63,3300042355,63,ME25Aug2018-rr0790,ME25Aug2018-rr0790_63.fasta
3300042357_67.fna,3300042357_67,3300042357,67,ME24Jul2013-rr0794,ME24Jul2013-rr0794_67.fasta
3300042357_72.fna,3300042357_72,3300042357,72,ME24Jul2013-rr0794,ME24Jul2013-rr0794_72.fasta
3300042358_21.fna,3300042358_21,3300042358,21,ME23Apr2001-rr0804,ME23Apr2001-rr0804_21.fasta
3300042359_37.fna,3300042359_37,3300042359,37,ME19Oct2016-rr0805,ME19Oct2016-rr0805_37.fasta
3300042361_38.fna,3300042361_38,3300042361,38,ME20Jul2006D11-rr0817,ME20Jul2006D11-rr0817_38.fasta
3300042361_39.fna,3300042361_39,3300042361,39,ME20Jul2006D11-rr0817,ME20Jul2006D11-rr0817_39.fasta
3300042361_68.fna,3300042361_68,3300042361,68,ME20Jul2006D11-rr0817,ME20Jul2006D11-rr0817_68.fasta
3300042362_15.fna,3300042362_15,3300042362,15,ME22Sep2017-rr0820,ME22Sep2017-rr0820_15.fasta
3300042362_45.fna,3300042362_45,3300042362,45,ME22Sep2017-rr0820,ME22Sep2017-rr0820_45.fasta
3300042362_53.fna,3300042362_53,3300042362,53,ME22Sep2017-rr0820,ME22Sep2017-rr0820_53.fasta
3300042363_69.fna,3300042363_69,3300042363,69,ME22Jun2005-rr0822,ME22Jun2005-rr0822_69.fasta
3300042364_32.fna,3300042364_32,3300042364,32,ME19Sep2015-rr0798,ME19Sep2015-rr0798_32.fasta
3300042364_33.fna,3300042364_33,3300042364,33,ME19Sep2015-rr0798,ME19Sep2015-rr0798_33.fasta
3300042364_34.fna,3300042364_34,3300042364,34,ME19Sep2015-rr0798,ME19Sep2015-rr0798_34.fasta
3300042364_82.fna,3300042364_82,3300042364,82,ME19Sep2015-rr0798,ME19Sep2015-rr0798_82.fasta
3300042365_44.fna,3300042365_44,3300042365,44,ME25Aug2015-rr0801,ME25Aug2015-rr0801_44.fasta
3300042366_68.fna,3300042366_68,3300042366,68,ME31Aug2005-rr0815,ME31Aug2005-rr0815_68.fasta
3300042366_69.fna,3300042366_69,3300042366,69,ME31Aug2005-rr0815,ME31Aug2005-rr0815_69.fasta
3300042368_26.fna,3300042368_26,3300042368,26,ME27Jul2014-rr0821,ME27Jul2014-rr0821_26.fasta
3300042368_36.fna,3300042368_36,3300042368,36,ME27Jul2014-rr0821,ME27Jul2014-rr0821_36.fasta
3300042373_19.fna,3300042373_19,3300042373,19,ME22Jun2012-rr0426,ME22Jun2012-rr0426_19.fasta
3300042373_26.fna,3300042373_26,3300042373,26,ME22Jun2012-rr0426,ME22Jun2012-rr0426_26.fasta
3300042373_29.fna,3300042373_29,3300042373,29,ME22Jun2012-rr0426,ME22Jun2012-rr0426_29.fasta
3300042374_109.fna,3300042374_109,3300042374,109,ME06Jul2016-rr0461,ME06Jul2016-rr0461_109.fasta
3300042374_35.fna,3300042374_35,3300042374,35,ME06Jul2016-rr0461,ME06Jul2016-rr0461_35.fasta
3300042374_49.fna,3300042374_49,3300042374,49,ME06Jul2016-rr0461,ME06Jul2016-rr0461_49.fasta
3300042374_53.fna,3300042374_53,3300042374,53,ME06Jul2016-rr0461,ME06Jul2016-rr0461_53.fasta
3300042374_6.fna,3300042374_6,3300042374,6,ME06Jul2016-rr0461,ME06Jul2016-rr0461_6.fasta
3300042374_86.fna,3300042374_86,3300042374,86,ME06Jul2016-rr0461,ME06Jul2016-rr0461_86.fasta
3300042377_32.fna,3300042377_32,3300042377,32,ME31May2013-rr0825,ME31May2013-rr0825_32.fasta
3300042377_34.fna,3300042377_34,3300042377,34,ME31May2013-rr0825,ME31May2013-rr0825_34.fasta
3300042378_50.fna,3300042378_50,3300042378,50,ME29Oct2010-rr0833,ME29Oct2010-rr0833_50.fasta
3300042378_59.fna,3300042378_59,3300042378,59,ME29Oct2010-rr0833,ME29Oct2010-rr0833_59.fasta
3300042381_34.fna,3300042381_34,3300042381,34,ME27Apr2015-rr0842,ME27Apr2015-rr0842_34.fasta
3300042381_35.fna,3300042381_35,3300042381,35,ME27Apr2015-rr0842,ME27Apr2015-rr0842_35.fasta
3300042383_48.fna,3300042383_48,3300042383,48,ME25Jul2011-rr0845,ME25Jul2011-rr0845_48.fasta
3300042385_37.fna,3300042385_37,3300042385,37,ME10Jun2014-rr0854,ME10Jun2014-rr0854_37.fasta
3300042386_6.fna,3300042386_6,3300042386,6,ME31Oct2018-rr0855,ME31Oct2018-rr0855_6.fasta
3300042389_40.fna,3300042389_40,3300042389,40,ME07Aug2008-rr0847,ME07Aug2008-rr0847_40.fasta
3300042389_51.fna,3300042389_51,3300042389,51,ME07Aug2008-rr0847,ME07Aug2008-rr0847_51.fasta
3300042391_46.fna,3300042391_46,3300042391,46,ME25May2005-rr0861,ME25May2005-rr0861_46.fasta
3300042391_59.fna,3300042391_59,3300042391,59,ME25May2005-rr0861,ME25May2005-rr0861_59.fasta
3300042392_3.fna,3300042392_3,3300042392,3,ME03Jul2013-rr0864,ME03Jul2013-rr0864_3.fasta
3300042392_45.fna,3300042392_45,3300042392,45,ME03Jul2013-rr0864,ME03Jul2013-rr0864_45.fasta
3300042395_39.fna,3300042395_39,3300042395,39,ME19Aug2015-rr0870,ME19Aug2015-rr0870_39.fasta
3300042396_39.fna,3300042396_39,3300042396,39,ME16Nov2016-rr0871,ME16Nov2016-rr0871_39.fasta
3300042397_112.fna,3300042397_112,3300042397,112,ME02Jul2001D8-rr0846,ME02Jul2001D8-rr0846_112.fasta
3300042397_96.fna,3300042397_96,3300042397,96,ME02Jul2001D8-rr0846,ME02Jul2001D8-rr0846_96.fasta
3300042398_86.fna,3300042398_86,3300042398,86,ME12Jul2011-rr0862,ME12Jul2011-rr0862_86.fasta
3300042398_88.fna,3300042398_88,3300042398,88,ME12Jul2011-rr0862,ME12Jul2011-rr0862_88.fasta
3300042399_66.fna,3300042399_66,3300042399,66,ME08Nov2018GD-pl0004,ME08Nov2018GD-pl0004_66.fasta
3300042400_111.fna,3300042400_111,3300042400,111,ME08Nov2005-rr0067,ME08Nov2005-rr0067_111.fasta
3300042400_125.fna,3300042400_125,3300042400,125,ME08Nov2005-rr0067,ME08Nov2005-rr0067_125.fasta
3300042400_49.fna,3300042400_49,3300042400,49,ME08Nov2005-rr0067,ME08Nov2005-rr0067_49.fasta
3300042400_6.fna,3300042400_6,3300042400,6,ME08Nov2005-rr0067,ME08Nov2005-rr0067_6.fasta
3300042400_61.fna,3300042400_61,3300042400,61,ME08Nov2005-rr0067,ME08Nov2005-rr0067_61.fasta
3300042402_58.fna,3300042402_58,3300042402,58,ME26Oct2009-rr0266,ME26Oct2009-rr0266_58.fasta
3300042402_69.fna,3300042402_69,3300042402,69,ME26Oct2009-rr0266,ME26Oct2009-rr0266_69.fasta
3300042406_151.fna,3300042406_151,3300042406,151,ME24Oct2000-rr0462,ME24Oct2000-rr0462_151.fasta
3300042406_34.fna,3300042406_34,3300042406,34,ME24Oct2000-rr0462,ME24Oct2000-rr0462_34.fasta
3300042429_25.fna,3300042429_25,3300042429,25,ME02Jun2016-rr0436,ME02Jun2016-rr0436_25.fasta
3300042430_106.fna,3300042430_106,3300042430,106,ME08Jun2015-rr0442,ME08Jun2015-rr0442_106.fasta
3300042430_110.fna,3300042430_110,3300042430,110,ME08Jun2015-rr0442,ME08Jun2015-rr0442_110.fasta
3300042430_32.fna,3300042430_32,3300042430,32,ME08Jun2015-rr0442,ME08Jun2015-rr0442_32.fasta
3300042433_36.fna,3300042433_36,3300042433,36,ME12Oct2004-rr0730,ME12Oct2004-rr0730_36.fasta
3300042434_18.fna,3300042434_18,3300042434,18,ME17Sep2014-rr0696,ME17Sep2014-rr0696_18.fasta
3300042434_54.fna,3300042434_54,3300042434,54,ME17Sep2014-rr0696,ME17Sep2014-rr0696_54.fasta
3300042434_60.fna,3300042434_60,3300042434,60,ME17Sep2014-rr0696,ME17Sep2014-rr0696_60.fasta
3300042434_9.fna,3300042434_9,3300042434,9,ME17Sep2014-rr0696,ME17Sep2014-rr0696_9.fasta
3300042444_17.fna,3300042444_17,3300042444,17,ME06Jul2010-rd0096,ME06Jul2010-rd0096_17.fasta
3300042445_19.fna,3300042445_19,3300042445,19,ME04Jun2001-rd0012,ME04Jun2001-rd0012_19.fasta
3300042446_10.fna,3300042446_10,3300042446,10,ME02Jun2017-rr0042,ME02Jun2017-rr0042_10.fasta
3300042446_123.fna,3300042446_123,3300042446,123,ME02Jun2017-rr0042,ME02Jun2017-rr0042_123.fasta
3300042446_129.fna,3300042446_129,3300042446,129,ME02Jun2017-rr0042,ME02Jun2017-rr0042_129.fasta
3300042446_133.fna,3300042446_133,3300042446,133,ME02Jun2017-rr0042,ME02Jun2017-rr0042_133.fasta
3300042446_42.fna,3300042446_42,3300042446,42,ME02Jun2017-rr0042,ME02Jun2017-rr0042_42.fasta
3300042447_58.fna,3300042447_58,3300042447,58,ME13Jun2016-rr0073,ME13Jun2016-rr0073_58.fasta
3300042448_18.fna,3300042448_18,3300042448,18,ME12Jul2006D11-rr0083,ME12Jul2006D11-rr0083_18.fasta
3300042448_75.fna,3300042448_75,3300042448,75,ME12Jul2006D11-rr0083,ME12Jul2006D11-rr0083_75.fasta
3300042450_97.fna,3300042450_97,3300042450,97,ME15Feb2015-rr0111,ME15Feb2015-rr0111_97.fasta
3300042451_28.fna,3300042451_28,3300042451,28,ME18Jul2006D11-rr0154,ME18Jul2006D11-rr0154_28.fasta
3300042452_48.fna,3300042452_48,3300042452,48,ME30Aug2010-rd0164,ME30Aug2010-rd0164_48.fasta
3300042452_49.fna,3300042452_49,3300042452,49,ME30Aug2010-rd0164,ME30Aug2010-rd0164_49.fasta
3300042452_61.fna,3300042452_61,3300042452,61,ME30Aug2010-rd0164,ME30Aug2010-rd0164_61.fasta
3300042452_78.fna,3300042452_78,3300042452,78,ME30Aug2010-rd0164,ME30Aug2010-rd0164_78.fasta
3300042452_83.fna,3300042452_83,3300042452,83,ME30Aug2010-rd0164,ME30Aug2010-rd0164_83.fasta
3300042452_99.fna,3300042452_99,3300042452,99,ME30Aug2010-rd0164,ME30Aug2010-rd0164_99.fasta
3300042453_106.fna,3300042453_106,3300042453,106,ME13Aug2001-rr0464,ME13Aug2001-rr0464_106.fasta
3300042453_51.fna,3300042453_51,3300042453,51,ME13Aug2001-rr0464,ME13Aug2001-rr0464_51.fasta
3300042453_97.fna,3300042453_97,3300042453,97,ME13Aug2001-rr0464,ME13Aug2001-rr0464_97.fasta
3300042454_29.fna,3300042454_29,3300042454,29,ME28May2003-ww0467,ME28May2003-ww0467_29.fasta
3300042454_8.fna,3300042454_8,3300042454,8,ME28May2003-ww0467,ME28May2003-ww0467_8.fasta
3300042455_154.fna,3300042455_154,3300042455,154,ME01Jul2015-rr0468,ME01Jul2015-rr0468_154.fasta
3300042458_29.fna,3300042458_29,3300042458,29,ME23May2016-rr0860,ME23May2016-rr0860_29.fasta
3300042458_96.fna,3300042458_96,3300042458,96,ME23May2016-rr0860,ME23May2016-rr0860_96.fasta
3300042459_14.fna,3300042459_14,3300042459,14,ME27Jun2006D10-rr0719,ME27Jun2006D10-rr0719_14.fasta
3300042460_56.fna,3300042460_56,3300042460,56,ME21May2013-rr0439,ME21May2013-rr0439_56.fasta
3300042462_28.fna,3300042462_28,3300042462,28,ME15Oct2003-rd0039,ME15Oct2003-rd0039_28.fasta
3300042462_48.fna,3300042462_48,3300042462,48,ME15Oct2003-rd0039,ME15Oct2003-rd0039_48.fasta
3300042463_82.fna,3300042463_82,3300042463,82,ME05Jul2006D10-rr0041,ME05Jul2006D10-rr0041_82.fasta
3300042464_38.fna,3300042464_38,3300042464,38,ME17Jul2002-ww0112,ME17Jul2002-ww0112_38.fasta
3300042464_58.fna,3300042464_58,3300042464,58,ME17Jul2002-ww0112,ME17Jul2002-ww0112_58.fasta
3300042464_59.fna,3300042464_59,3300042464,59,ME17Jul2002-ww0112,ME17Jul2002-ww0112_59.fasta
3300042465_26.fna,3300042465_26,3300042465,26,ME21May2001-rd0113,ME21May2001-rd0113_26.fasta
3300042465_56.fna,3300042465_56,3300042465,56,ME21May2001-rd0113,ME21May2001-rd0113_56.fasta
3300042466_19.fna,3300042466_19,3300042466,19,ME23Jun2016-rr0169,ME23Jun2016-rr0169_19.fasta
3300042466_37.fna,3300042466_37,3300042466,37,ME23Jun2016-rr0169,ME23Jun2016-rr0169_37.fasta
3300042466_47.fna,3300042466_47,3300042466,47,ME23Jun2016-rr0169,ME23Jun2016-rr0169_47.fasta
3300042466_54.fna,3300042466_54,3300042466,54,ME23Jun2016-rr0169,ME23Jun2016-rr0169_54.fasta
3300042467_106.fna,3300042467_106,3300042467,106,ME19Aug2014-rr0465,ME19Aug2014-rr0465_106.fasta
3300042467_31.fna,3300042467_31,3300042467,31,ME19Aug2014-rr0465,ME19Aug2014-rr0465_31.fasta
3300042467_52.fna,3300042467_52,3300042467,52,ME19Aug2014-rr0465,ME19Aug2014-rr0465_52.fasta
3300042468_47.fna,3300042468_47,3300042468,47,ME05Aug2015-rr0469,ME05Aug2015-rr0469_47.fasta
3300042470_111.fna,3300042470_111,3300042470,111,ME22Aug2015-rr0493,ME22Aug2015-rr0493_111.fasta
3300042470_146.fna,3300042470_146,3300042470,146,ME22Aug2015-rr0493,ME22Aug2015-rr0493_146.fasta
3300042470_154.fna,3300042470_154,3300042470,154,ME22Aug2015-rr0493,ME22Aug2015-rr0493_154.fasta
3300042470_27.fna,3300042470_27,3300042470,27,ME22Aug2015-rr0493,ME22Aug2015-rr0493_27.fasta
3300042471_12.fna,3300042471_12,3300042471,12,ME28Sep2016-rr0502,ME28Sep2016-rr0502_12.fasta
3300042471_4.fna,3300042471_4,3300042471,4,ME28Sep2016-rr0502,ME28Sep2016-rr0502_4.fasta
3300042471_52.fna,3300042471_52,3300042471,52,ME28Sep2016-rr0502,ME28Sep2016-rr0502_52.fasta
3300042471_55.fna,3300042471_55,3300042471,55,ME28Sep2016-rr0502,ME28Sep2016-rr0502_55.fasta
3300042472_58.fna,3300042472_58,3300042472,58,ME20Apr2016-rr0684,ME20Apr2016-rr0684_58.fasta
3300042476_17.fna,3300042476_17,3300042476,17,ME27Sep2007-rr0701,ME27Sep2007-rr0701_17.fasta
3300042476_23.fna,3300042476_23,3300042476,23,ME27Sep2007-rr0701,ME27Sep2007-rr0701_23.fasta
3300042476_75.fna,3300042476_75,3300042476,75,ME27Sep2007-rr0701,ME27Sep2007-rr0701_75.fasta
3300042477_62.fna,3300042477_62,3300042477,62,ME25Aug2016-rr0702,ME25Aug2016-rr0702_62.fasta
3300042480_26.fna,3300042480_26,3300042480,26,ME01Aug2018-rr0711,ME01Aug2018-rr0711_26.fasta
3300042480_51.fna,3300042480_51,3300042480,51,ME01Aug2018-rr0711,ME01Aug2018-rr0711_51.fasta
3300042480_57.fna,3300042480_57,3300042480,57,ME01Aug2018-rr0711,ME01Aug2018-rr0711_57.fasta
3300042482_33.fna,3300042482_33,3300042482,33,ME03Dec2010-rr0033,ME03Dec2010-rr0033_33.fasta
3300042483_22.fna,3300042483_22,3300042483,22,ME11May2000D8-rr0151,ME11May2000D8-rr0151_22.fasta
3300042483_50.fna,3300042483_50,3300042483,50,ME11May2000D8-rr0151,ME11May2000D8-rr0151_50.fasta
3300042484_104.fna,3300042484_104,3300042484,104,ME25Jun2008-rd0189,ME25Jun2008-rd0189_104.fasta
3300042484_90.fna,3300042484_90,3300042484,90,ME25Jun2008-rd0189,ME25Jun2008-rd0189_90.fasta
3300042486_117.fna,3300042486_117,3300042486,117,ME11Jul2008-rr0451,ME11Jul2008-rr0451_117.fasta
3300042486_56.fna,3300042486_56,3300042486,56,ME11Jul2008-rr0451,ME11Jul2008-rr0451_56.fasta
3300042502_33.fna,3300042502_33,3300042502,33,ME19Jun2014-rr0022,ME19Jun2014-rr0022_33.fasta
3300042502_58.fna,3300042502_58,3300042502,58,ME19Jun2014-rr0022,ME19Jun2014-rr0022_58.fasta
3300042502_67.fna,3300042502_67,3300042502,67,ME19Jun2014-rr0022,ME19Jun2014-rr0022_67.fasta
3300042502_83.fna,3300042502_83,3300042502,83,ME19Jun2014-rr0022,ME19Jun2014-rr0022_83.fasta
3300042503_132.fna,3300042503_132,3300042503,132,ME16Jul2001D8-rr0197,ME16Jul2001D8-rr0197_132.fasta
3300042503_136.fna,3300042503_136,3300042503,136,ME16Jul2001D8-rr0197,ME16Jul2001D8-rr0197_136.fasta
3300042503_61.fna,3300042503_61,3300042503,61,ME16Jul2001D8-rr0197,ME16Jul2001D8-rr0197_61.fasta
3300042504_20.fna,3300042504_20,3300042504,20,ME03Sep2014-rr0504,ME03Sep2014-rr0504_20.fasta
3300042505_54.fna,3300042505_54,3300042505,54,ME16Oct2014-rr0523,ME16Oct2014-rr0523_54.fasta
3300042505_75.fna,3300042505_75,3300042505,75,ME16Oct2014-rr0523,ME16Oct2014-rr0523_75.fasta
3300042507_104.fna,3300042507_104,3300042507,104,ME16Aug2005-rr0552,ME16Aug2005-rr0552_104.fasta
3300042507_53.fna,3300042507_53,3300042507,53,ME16Aug2005-rr0552,ME16Aug2005-rr0552_53.fasta
3300042508_49.fna,3300042508_49,3300042508,49,ME22Aug2016-rr0558,ME22Aug2016-rr0558_49.fasta
3300042508_84.fna,3300042508_84,3300042508,84,ME22Aug2016-rr0558,ME22Aug2016-rr0558_84.fasta
3300042509_35.fna,3300042509_35,3300042509,35,ME24Jul2017-rr0567,ME24Jul2017-rr0567_35.fasta
3300042509_43.fna,3300042509_43,3300042509,43,ME24Jul2017-rr0567,ME24Jul2017-rr0567_43.fasta
3300042509_91.fna,3300042509_91,3300042509,91,ME24Jul2017-rr0567,ME24Jul2017-rr0567_91.fasta
3300042510_108.fna,3300042510_108,3300042510,108,ME08Nov2018GD-pl0003,ME08Nov2018GD-pl0003_108.fasta
3300042510_125.fna,3300042510_125,3300042510,125,ME08Nov2018GD-pl0003,ME08Nov2018GD-pl0003_125.fasta
3300042514_40.fna,3300042514_40,3300042514,40,ME07Jun2017-rr0170,ME07Jun2017-rr0170_40.fasta
3300042515_13.fna,3300042515_13,3300042515,13,ME01Aug2015-rr0543,ME01Aug2015-rr0543_13.fasta
3300042515_47.fna,3300042515_47,3300042515,47,ME01Aug2015-rr0543,ME01Aug2015-rr0543_47.fasta
3300042516_73.fna,3300042516_73,3300042516,73,ME08Aug2006D7-rr0586,ME08Aug2006D7-rr0586_73.fasta
3300042516_84.fna,3300042516_84,3300042516,84,ME08Aug2006D7-rr0586,ME08Aug2006D7-rr0586_84.fasta
3300042518_113.fna,3300042518_113,3300042518,113,ME24Aug2017-rr0637,ME24Aug2017-rr0637_113.fasta
3300042518_41.fna,3300042518_41,3300042518,41,ME24Aug2017-rr0637,ME24Aug2017-rr0637_41.fasta
3300042518_59.fna,3300042518_59,3300042518,59,ME24Aug2017-rr0637,ME24Aug2017-rr0637_59.fasta
3300042519_110.fna,3300042519_110,3300042519,110,ME20Jun2013-rr0643,ME20Jun2013-rr0643_110.fasta
3300042519_147.fna,3300042519_147,3300042519,147,ME20Jun2013-rr0643,ME20Jun2013-rr0643_147.fasta
3300042519_46.fna,3300042519_46,3300042519,46,ME20Jun2013-rr0643,ME20Jun2013-rr0643_46.fasta
3300042519_47.fna,3300042519_47,3300042519,47,ME20Jun2013-rr0643,ME20Jun2013-rr0643_47.fasta
3300042520_40.fna,3300042520_40,3300042520,40,ME08Oct2012-rr0652,ME08Oct2012-rr0652_40.fasta
3300042520_51.fna,3300042520_51,3300042520,51,ME08Oct2012-rr0652,ME08Oct2012-rr0652_51.fasta
3300042521_128.fna,3300042521_128,3300042521,128,ME21Aug2014-rr0660,ME21Aug2014-rr0660_128.fasta
3300042521_150.fna,3300042521_150,3300042521,150,ME21Aug2014-rr0660,ME21Aug2014-rr0660_150.fasta
3300042521_94.fna,3300042521_94,3300042521,94,ME21Aug2014-rr0660,ME21Aug2014-rr0660_94.fasta
3300042522_27.fna,3300042522_27,3300042522,27,ME06Jul2018-rr0662,ME06Jul2018-rr0662_27.fasta
3300042524_60.fna,3300042524_60,3300042524,60,ME24Mar2013s1D0-rr0664,ME24Mar2013s1D0-rr0664_60.fasta
3300042525_61.fna,3300042525_61,3300042525,61,ME04Oct2015-rr0670,ME04Oct2015-rr0670_61.fasta
3300042526_107.fna,3300042526_107,3300042526,107,ME18May2011-rr0675,ME18May2011-rr0675_107.fasta
3300042526_50.fna,3300042526_50,3300042526,50,ME18May2011-rr0675,ME18May2011-rr0675_50.fasta
3300042526_54.fna,3300042526_54,3300042526,54,ME18May2011-rr0675,ME18May2011-rr0675_54.fasta
3300042526_58.fna,3300042526_58,3300042526,58,ME18May2011-rr0675,ME18May2011-rr0675_58.fasta
3300042526_79.fna,3300042526_79,3300042526,79,ME18May2011-rr0675,ME18May2011-rr0675_79.fasta
3300042527_53.fna,3300042527_53,3300042527,53,ME09Sep2016-rr0784,ME09Sep2016-rr0784_53.fasta
3300042528_66.fna,3300042528_66,3300042528,66,ME09Aug2011-rr0849,ME09Aug2011-rr0849_66.fasta
3300042528_74.fna,3300042528_74,3300042528,74,ME09Aug2011-rr0849,ME09Aug2011-rr0849_74.fasta
3300042539_1.fna,3300042539_1,3300042539,1,ME15Sep2008D10-rr0084,ME15Sep2008D10-rr0084_1.fasta
3300042539_122.fna,3300042539_122,3300042539,122,ME15Sep2008D10-rr0084,ME15Sep2008D10-rr0084_122.fasta
3300042539_13.fna,3300042539_13,3300042539,13,ME15Sep2008D10-rr0084,ME15Sep2008D10-rr0084_13.fasta
3300042539_137.fna,3300042539_137,3300042539,137,ME15Sep2008D10-rr0084,ME15Sep2008D10-rr0084_137.fasta
3300042539_138.fna,3300042539_138,3300042539,138,ME15Sep2008D10-rr0084,ME15Sep2008D10-rr0084_138.fasta
3300042539_50.fna,3300042539_50,3300042539,50,ME15Sep2008D10-rr0084,ME15Sep2008D10-rr0084_50.fasta
3300042540_29.fna,3300042540_29,3300042540,29,ME26Sep2010-rd0137,ME26Sep2010-rd0137_29.fasta
3300042540_39.fna,3300042540_39,3300042540,39,ME26Sep2010-rd0137,ME26Sep2010-rd0137_39.fasta
3300042540_71.fna,3300042540_71,3300042540,71,ME26Sep2010-rd0137,ME26Sep2010-rd0137_71.fasta
3300042542_46.fna,3300042542_46,3300042542,46,ME08Sep2003-rd0175,ME08Sep2003-rd0175_46.fasta
3300042542_70.fna,3300042542_70,3300042542,70,ME08Sep2003-rd0175,ME08Sep2003-rd0175_70.fasta
3300042543_18.fna,3300042543_18,3300042543,18,ME14Sep2010-rd0185,ME14Sep2010-rd0185_18.fasta
3300042543_7.fna,3300042543_7,3300042543,7,ME14Sep2010-rd0185,ME14Sep2010-rd0185_7.fasta
3300042544_126.fna,3300042544_126,3300042544,126,ME18Jun2018-rr0679,ME18Jun2018-rr0679_126.fasta
3300042546_23.fna,3300042546_23,3300042546,23,ME27Sep2009-rr0688,ME27Sep2009-rr0688_23.fasta
3300042546_53.fna,3300042546_53,3300042546,53,ME27Sep2009-rr0688,ME27Sep2009-rr0688_53.fasta
3300042547_34.fna,3300042547_34,3300042547,34,ME10Aug2016-rr0692,ME10Aug2016-rr0692_34.fasta
3300042547_49.fna,3300042547_49,3300042547,49,ME10Aug2016-rr0692,ME10Aug2016-rr0692_49.fasta
3300042549_41.fna,3300042549_41,3300042549,41,ME06Jun2000-rr0062,ME06Jun2000-rr0062_41.fasta
3300042553_20.fna,3300042553_20,3300042553,20,ME06Sep2013-rr0606,ME06Sep2013-rr0606_20.fasta
3300042553_64.fna,3300042553_64,3300042553,64,ME06Sep2013-rr0606,ME06Sep2013-rr0606_64.fasta
3300042554_42.fna,3300042554_42,3300042554,42,ME05Aug2010-rr0618,ME05Aug2010-rr0618_42.fasta
3300042554_69.fna,3300042554_69,3300042554,69,ME05Aug2010-rr0618,ME05Aug2010-rr0618_69.fasta
3300042554_90.fna,3300042554_90,3300042554,90,ME05Aug2010-rr0618,ME05Aug2010-rr0618_90.fasta
3300042555_134.fna,3300042555_134,3300042555,134,ME03Jul2015-rr0628,ME03Jul2015-rr0628_134.fasta
3300042555_47.fna,3300042555_47,3300042555,47,ME03Jul2015-rr0628,ME03Jul2015-rr0628_47.fasta
3300042555_85.fna,3300042555_85,3300042555,85,ME03Jul2015-rr0628,ME03Jul2015-rr0628_85.fasta
3300042556_110.fna,3300042556_110,3300042556,110,ME12Sep2002-rr0638,ME12Sep2002-rr0638_110.fasta
3300042556_119.fna,3300042556_119,3300042556,119,ME12Sep2002-rr0638,ME12Sep2002-rr0638_119.fasta
3300042556_136.fna,3300042556_136,3300042556,136,ME12Sep2002-rr0638,ME12Sep2002-rr0638_136.fasta
3300042556_16.fna,3300042556_16,3300042556,16,ME12Sep2002-rr0638,ME12Sep2002-rr0638_16.fasta
3300042556_53.fna,3300042556_53,3300042556,53,ME12Sep2002-rr0638,ME12Sep2002-rr0638_53.fasta
3300042556_63.fna,3300042556_63,3300042556,63,ME12Sep2002-rr0638,ME12Sep2002-rr0638_63.fasta
3300042556_7.fna,3300042556_7,3300042556,7,ME12Sep2002-rr0638,ME12Sep2002-rr0638_7.fasta
3300042557_110.fna,3300042557_110,3300042557,110,ME15Jul2010-rr0644,ME15Jul2010-rr0644_110.fasta
3300042557_14.fna,3300042557_14,3300042557,14,ME15Jul2010-rr0644,ME15Jul2010-rr0644_14.fasta
3300042561_153.fna,3300042561_153,3300042561,153,ME14Sep2018-rr0672,ME14Sep2018-rr0672_153.fasta
3300042561_72.fna,3300042561_72,3300042561,72,ME14Sep2018-rr0672,ME14Sep2018-rr0672_72.fasta
3300042562_123.fna,3300042562_123,3300042562,123,ME15Mar2012-rd0103,ME15Mar2012-rd0103_123.fasta
3300042562_15.fna,3300042562_15,3300042562,15,ME15Mar2012-rd0103,ME15Mar2012-rd0103_15.fasta
3300042564_72.fna,3300042564_72,3300042564,72,ME14Jun2018-rr0160,ME14Jun2018-rr0160_72.fasta
3300042564_81.fna,3300042564_81,3300042564,81,ME14Jun2018-rr0160,ME14Jun2018-rr0160_81.fasta
3300042565_121.fna,3300042565_121,3300042565,121,ME14Aug2002-ww0182,ME14Aug2002-ww0182_121.fasta
3300042565_38.fna,3300042565_38,3300042565,38,ME14Aug2002-ww0182,ME14Aug2002-ww0182_38.fasta
3300042566_11.fna,3300042566_11,3300042566,11,ME22Jul2008-rr0620,ME22Jul2008-rr0620_11.fasta
3300042566_47.fna,3300042566_47,3300042566,47,ME22Jul2008-rr0620,ME22Jul2008-rr0620_47.fasta
3300042566_77.fna,3300042566_77,3300042566,77,ME22Jul2008-rr0620,ME22Jul2008-rr0620_77.fasta
3300042567_37.fna,3300042567_37,3300042567,37,ME02Jun2012-rr0676,ME02Jun2012-rr0676_37.fasta
3300042568_114.fna,3300042568_114,3300042568,114,ME08Jul2017-rr0682,ME08Jul2017-rr0682_114.fasta
3300042568_46.fna,3300042568_46,3300042568,46,ME08Jul2017-rr0682,ME08Jul2017-rr0682_46.fasta
3300042568_62.fna,3300042568_62,3300042568,62,ME08Jul2017-rr0682,ME08Jul2017-rr0682_62.fasta
3300042569_17.fna,3300042569_17,3300042569,17,ME22Jun2006D9-rr0014,ME22Jun2006D9-rr0014_17.fasta
3300042569_43.fna,3300042569_43,3300042569,43,ME22Jun2006D9-rr0014,ME22Jun2006D9-rr0014_43.fasta
3300042673_27.fna,3300042673_27,3300042673,27,ME27Oct2003-rd0076,ME27Oct2003-rd0076_27.fasta
3300042673_92.fna,3300042673_92,3300042673,92,ME27Oct2003-rd0076,ME27Oct2003-rd0076_92.fasta
3300042695_88.fna,3300042695_88,3300042695,88,ME07Jul2015-rr0470,ME07Jul2015-rr0470_88.fasta
3300042860_100.fna,3300042860_100,3300042860,100,ME31Aug2014-rr0209,ME31Aug2014-rr0209_100.fasta
3300042860_11.fna,3300042860_11,3300042860,11,ME31Aug2014-rr0209,ME31Aug2014-rr0209_11.fasta
3300042860_62.fna,3300042860_62,3300042860,62,ME31Aug2014-rr0209,ME31Aug2014-rr0209_62.fasta
3300042861_130.fna,3300042861_130,3300042861,130,ME09Oct2001-rr0231,ME09Oct2001-rr0231_130.fasta
3300042861_145.fna,3300042861_145,3300042861,145,ME09Oct2001-rr0231,ME09Oct2001-rr0231_145.fasta
3300042861_22.fna,3300042861_22,3300042861,22,ME09Oct2001-rr0231,ME09Oct2001-rr0231_22.fasta
3300042861_99.fna,3300042861_99,3300042861,99,ME09Oct2001-rr0231,ME09Oct2001-rr0231_99.fasta
3300042863_33.fna,3300042863_33,3300042863,33,ME25May2017-rr0291,ME25May2017-rr0291_33.fasta
3300042864_100.fna,3300042864_100,3300042864,100,ME18Jun2017-rr0340,ME18Jun2017-rr0340_100.fasta
3300042864_49.fna,3300042864_49,3300042864,49,ME18Jun2017-rr0340,ME18Jun2017-rr0340_49.fasta
3300042864_78.fna,3300042864_78,3300042864,78,ME18Jun2017-rr0340,ME18Jun2017-rr0340_78.fasta
3300042865_103.fna,3300042865_103,3300042865,103,ME07Nov2002-ww0341,ME07Nov2002-ww0341_103.fasta
3300042865_118.fna,3300042865_118,3300042865,118,ME07Nov2002-ww0341,ME07Nov2002-ww0341_118.fasta
3300042865_12.fna,3300042865_12,3300042865,12,ME07Nov2002-ww0341,ME07Nov2002-ww0341_12.fasta
3300042865_135.fna,3300042865_135,3300042865,135,ME07Nov2002-ww0341,ME07Nov2002-ww0341_135.fasta
3300042865_154.fna,3300042865_154,3300042865,154,ME07Nov2002-ww0341,ME07Nov2002-ww0341_154.fasta
3300042865_48.fna,3300042865_48,3300042865,48,ME07Nov2002-ww0341,ME07Nov2002-ww0341_48.fasta
3300042865_71.fna,3300042865_71,3300042865,71,ME07Nov2002-ww0341,ME07Nov2002-ww0341_71.fasta
3300042865_82.fna,3300042865_82,3300042865,82,ME07Nov2002-ww0341,ME07Nov2002-ww0341_82.fasta
3300042865_97.fna,3300042865_97,3300042865,97,ME07Nov2002-ww0341,ME07Nov2002-ww0341_97.fasta
3300042866_72.fna,3300042866_72,3300042866,72,ME01Aug2013-rr0349,ME01Aug2013-rr0349_72.fasta
3300042866_82.fna,3300042866_82,3300042866,82,ME01Aug2013-rr0349,ME01Aug2013-rr0349_82.fasta
3300042867_104.fna,3300042867_104,3300042867,104,ME29May2014-rr0350,ME29May2014-rr0350_104.fasta
3300042867_7.fna,3300042867_7,3300042867,7,ME29May2014-rr0350,ME29May2014-rr0350_7.fasta
3300042868_147.fna,3300042868_147,3300042868,147,ME20Jun2000-rr0365,ME20Jun2000-rr0365_147.fasta
3300042868_71.fna,3300042868_71,3300042868,71,ME20Jun2000-rr0365,ME20Jun2000-rr0365_71.fasta
3300042868_81.fna,3300042868_81,3300042868,81,ME20Jun2000-rr0365,ME20Jun2000-rr0365_81.fasta
3300042869_52.fna,3300042869_52,3300042869,52,ME04Jun2015-rr0390,ME04Jun2015-rr0390_52.fasta
3300042870_57.fna,3300042870_57,3300042870,57,ME17May2012-rr0306,ME17May2012-rr0306_57.fasta
3300042870_71.fna,3300042870_71,3300042870,71,ME17May2012-rr0306,ME17May2012-rr0306_71.fasta
3300042875_11.fna,3300042875_11,3300042875,11,ME09Jun2017-rr0260,ME09Jun2017-rr0260_11.fasta
3300042878_145.fna,3300042878_145,3300042878,145,ME06May2016-rr0199,ME06May2016-rr0199_145.fasta
3300042878_96.fna,3300042878_96,3300042878,96,ME06May2016-rr0199,ME06May2016-rr0199_96.fasta
3300042879_27.fna,3300042879_27,3300042879,27,ME28Aug2001-rr0261,ME28Aug2001-rr0261_27.fasta
3300042879_60.fna,3300042879_60,3300042879,60,ME28Aug2001-rr0261,ME28Aug2001-rr0261_60.fasta
3300042879_70.fna,3300042879_70,3300042879,70,ME28Aug2001-rr0261,ME28Aug2001-rr0261_70.fasta
3300042879_99.fna,3300042879_99,3300042879,99,ME28Aug2001-rr0261,ME28Aug2001-rr0261_99.fasta
3300042880_124.fna,3300042880_124,3300042880,124,ME15Jun2010-rr0336,ME15Jun2010-rr0336_124.fasta
3300042880_49.fna,3300042880_49,3300042880,49,ME15Jun2010-rr0336,ME15Jun2010-rr0336_49.fasta
3300042880_81.fna,3300042880_81,3300042880,81,ME15Jun2010-rr0336,ME15Jun2010-rr0336_81.fasta
3300042881_124.fna,3300042881_124,3300042881,124,ME06Aug2013-rr0339,ME06Aug2013-rr0339_124.fasta
3300042881_148.fna,3300042881_148,3300042881,148,ME06Aug2013-rr0339,ME06Aug2013-rr0339_148.fasta
3300042881_59.fna,3300042881_59,3300042881,59,ME06Aug2013-rr0339,ME06Aug2013-rr0339_59.fasta
3300042881_98.fna,3300042881_98,3300042881,98,ME06Aug2013-rr0339,ME06Aug2013-rr0339_98.fasta
3300042882_34.fna,3300042882_34,3300042882,34,ME11Nov2016-rr0348,ME11Nov2016-rr0348_34.fasta
3300042882_39.fna,3300042882_39,3300042882,39,ME11Nov2016-rr0348,ME11Nov2016-rr0348_39.fasta
3300042882_97.fna,3300042882_97,3300042882,97,ME11Nov2016-rr0348,ME11Nov2016-rr0348_97.fasta
3300042883_102.fna,3300042883_102,3300042883,102,ME11Apr2005-rr0354,ME11Apr2005-rr0354_102.fasta
3300042883_68.fna,3300042883_68,3300042883,68,ME11Apr2005-rr0354,ME11Apr2005-rr0354_68.fasta
3300042884_116.fna,3300042884_116,3300042884,116,ME27Jun2003-ww0363,ME27Jun2003-ww0363_116.fasta
3300042884_125.fna,3300042884_125,3300042884,125,ME27Jun2003-ww0363,ME27Jun2003-ww0363_125.fasta
3300042887_107.fna,3300042887_107,3300042887,107,ME26Nov2001-rr0332,ME26Nov2001-rr0332_107.fasta
3300042887_109.fna,3300042887_109,3300042887,109,ME26Nov2001-rr0332,ME26Nov2001-rr0332_109.fasta
3300042887_28.fna,3300042887_28,3300042887,28,ME26Nov2001-rr0332,ME26Nov2001-rr0332_28.fasta
3300042887_36.fna,3300042887_36,3300042887,36,ME26Nov2001-rr0332,ME26Nov2001-rr0332_36.fasta
3300042888_39.fna,3300042888_39,3300042888,39,ME05May2012-rd0563,ME05May2012-rd0563_39.fasta
3300042888_51.fna,3300042888_51,3300042888,51,ME05May2012-rd0563,ME05May2012-rd0563_51.fasta
3300042888_57.fna,3300042888_57,3300042888,57,ME05May2012-rd0563,ME05May2012-rd0563_57.fasta
3300042888_8.fna,3300042888_8,3300042888,8,ME05May2012-rd0563,ME05May2012-rd0563_8.fasta
3300042889_71.fna,3300042889_71,3300042889,71,ME07May2001-rd0597,ME07May2001-rd0597_71.fasta
3300042890_35.fna,3300042890_35,3300042890,35,ME18Jan2011-rr0905,ME18Jan2011-rr0905_35.fasta
3300042890_38.fna,3300042890_38,3300042890,38,ME18Jan2011-rr0905,ME18Jan2011-rr0905_38.fasta
3300042890_63.fna,3300042890_63,3300042890,63,ME18Jan2011-rr0905,ME18Jan2011-rr0905_63.fasta
3300042891_106.fna,3300042891_106,3300042891,106,ME01Nov2007-rr0907,ME01Nov2007-rr0907_106.fasta
3300042891_18.fna,3300042891_18,3300042891,18,ME01Nov2007-rr0907,ME01Nov2007-rr0907_18.fasta
3300042893_51.fna,3300042893_51,3300042893,51,ME09Jun2009-rr0527,ME09Jun2009-rr0527_51.fasta
3300042894_51.fna,3300042894_51,3300042894,51,ME30Jan2011DC-rr0531,ME30Jan2011DC-rr0531_51.fasta
3300042895_15.fna,3300042895_15,3300042895,15,ME18May2016-rr0561,ME18May2016-rr0561_15.fasta
3300042895_45.fna,3300042895_45,3300042895,45,ME18May2016-rr0561,ME18May2016-rr0561_45.fasta
3300042895_95.fna,3300042895_95,3300042895,95,ME18May2016-rr0561,ME18May2016-rr0561_95.fasta
3300042897_30.fna,3300042897_30,3300042897,30,ME13Feb2010-rr0856,ME13Feb2010-rr0856_30.fasta
3300042897_39.fna,3300042897_39,3300042897,39,ME13Feb2010-rr0856,ME13Feb2010-rr0856_39.fasta
3300042898_16.fna,3300042898_16,3300042898,16,ME13Jun2011-rr0982,ME13Jun2011-rr0982_16.fasta
3300042898_34.fna,3300042898_34,3300042898,34,ME13Jun2011-rr0982,ME13Jun2011-rr0982_34.fasta
3300042898_52.fna,3300042898_52,3300042898,52,ME13Jun2011-rr0982,ME13Jun2011-rr0982_52.fasta
3300042898_53.fna,3300042898_53,3300042898,53,ME13Jun2011-rr0982,ME13Jun2011-rr0982_53.fasta
3300042898_65.fna,3300042898_65,3300042898,65,ME13Jun2011-rr0982,ME13Jun2011-rr0982_65.fasta
3300042899_117.fna,3300042899_117,3300042899,117,ME30Mar2000D8-rr0989,ME30Mar2000D8-rr0989_117.fasta
3300042899_60.fna,3300042899_60,3300042899,60,ME30Mar2000D8-rr0989,ME30Mar2000D8-rr0989_60.fasta
3300042900_56.fna,3300042900_56,3300042900,56,ME02Jun2015-rr0370,ME02Jun2015-rr0370_56.fasta
3300042901_111.fna,3300042901_111,3300042901,111,ME08Nov2018GD-tb0001,ME08Nov2018GD-tb0001_111.fasta
3300042901_95.fna,3300042901_95,3300042901,95,ME08Nov2018GD-tb0001,ME08Nov2018GD-tb0001_95.fasta
3300042905_107.fna,3300042905_107,3300042905,107,ME30Aug2013-rr0204,ME30Aug2013-rr0204_107.fasta
3300042906_158.fna,3300042906_158,3300042906,158,ME27Jul2016-rr0220,ME27Jul2016-rr0220_158.fasta
3300042906_22.fna,3300042906_22,3300042906,22,ME27Jul2016-rr0220,ME27Jul2016-rr0220_22.fasta
3300042906_70.fna,3300042906_70,3300042906,70,ME27Jul2016-rr0220,ME27Jul2016-rr0220_70.fasta
3300042907_44.fna,3300042907_44,3300042907,44,ME09Nov2014-rr0227,ME09Nov2014-rr0227_44.fasta
3300042908_72.fna,3300042908_72,3300042908,72,ME13Oct2017-rr0237,ME13Oct2017-rr0237_72.fasta
3300042914_11.fna,3300042914_11,3300042914,11,ME10Sep2001-rr0225,ME10Sep2001-rr0225_11.fasta
3300042914_24.fna,3300042914_24,3300042914,24,ME10Sep2001-rr0225,ME10Sep2001-rr0225_24.fasta
3300042914_83.fna,3300042914_83,3300042914,83,ME10Sep2001-rr0225,ME10Sep2001-rr0225_83.fasta
3300042914_87.fna,3300042914_87,3300042914,87,ME10Sep2001-rr0225,ME10Sep2001-rr0225_87.fasta
3300042924_130.fna,3300042924_130,3300042924,130,ME09Aug2013-rr0356,ME09Aug2013-rr0356_130.fasta
3300042937_12.fna,3300042937_12,3300042937,12,ME02Nov2014-rr0377,ME02Nov2014-rr0377_12.fasta
3300042937_76.fna,3300042937_76,3300042937,76,ME02Nov2014-rr0377,ME02Nov2014-rr0377_76.fasta
3300042937_80.fna,3300042937_80,3300042937,80,ME02Nov2014-rr0377,ME02Nov2014-rr0377_80.fasta
3300042938_119.fna,3300042938_119,3300042938,119,ME07May2014-rr0379,ME07May2014-rr0379_119.fasta
3300042938_81.fna,3300042938_81,3300042938,81,ME07May2014-rr0379,ME07May2014-rr0379_81.fasta
3300042939_114.fna,3300042939_114,3300042939,114,ME17Aug2010-rd0387,ME17Aug2010-rd0387_114.fasta
3300042939_132.fna,3300042939_132,3300042939,132,ME17Aug2010-rd0387,ME17Aug2010-rd0387_132.fasta
3300042939_19.fna,3300042939_19,3300042939,19,ME17Aug2010-rd0387,ME17Aug2010-rd0387_19.fasta
3300042939_23.fna,3300042939_23,3300042939,23,ME17Aug2010-rd0387,ME17Aug2010-rd0387_23.fasta
3300042939_55.fna,3300042939_55,3300042939,55,ME17Aug2010-rd0387,ME17Aug2010-rd0387_55.fasta
3300042940_156.fna,3300042940_156,3300042940,156,ME08Nov2018GD-pl0002,ME08Nov2018GD-pl0002_156.fasta
3300042940_24.fna,3300042940_24,3300042940,24,ME08Nov2018GD-pl0002,ME08Nov2018GD-pl0002_24.fasta
3300042940_68.fna,3300042940_68,3300042940,68,ME08Nov2018GD-pl0002,ME08Nov2018GD-pl0002_68.fasta
3300042940_8.fna,3300042940_8,3300042940,8,ME08Nov2018GD-pl0002,ME08Nov2018GD-pl0002_8.fasta
3300042945_109.fna,3300042945_109,3300042945,109,ME18Aug2006D11-rr0375,ME18Aug2006D11-rr0375_109.fasta
3300042945_41.fna,3300042945_41,3300042945,41,ME18Aug2006D11-rr0375,ME18Aug2006D11-rr0375_41.fasta
3300042945_75.fna,3300042945_75,3300042945,75,ME18Aug2006D11-rr0375,ME18Aug2006D11-rr0375_75.fasta
3300042945_91.fna,3300042945_91,3300042945,91,ME18Aug2006D11-rr0375,ME18Aug2006D11-rr0375_91.fasta
3300042946_108.fna,3300042946_108,3300042946,108,ME13Oct2010-rr0392,ME13Oct2010-rr0392_108.fasta
3300042946_146.fna,3300042946_146,3300042946,146,ME13Oct2010-rr0392,ME13Oct2010-rr0392_146.fasta
3300042946_37.fna,3300042946_37,3300042946,37,ME13Oct2010-rr0392,ME13Oct2010-rr0392_37.fasta
3300042946_5.fna,3300042946_5,3300042946,5,ME13Oct2010-rr0392,ME13Oct2010-rr0392_5.fasta
3300042946_76.fna,3300042946_76,3300042946,76,ME13Oct2010-rr0392,ME13Oct2010-rr0392_76.fasta
3300042946_77.fna,3300042946_77,3300042946,77,ME13Oct2010-rr0392,ME13Oct2010-rr0392_77.fasta
3300042946_8.fna,3300042946_8,3300042946,8,ME13Oct2010-rr0392,ME13Oct2010-rr0392_8.fasta
3300042992_48.fna,3300042992_48,3300042992,48,ME26Jun2014-rr0415,ME26Jun2014-rr0415_48.fasta
3300042997_51.fna,3300042997_51,3300042997,51,ME11Jun2004-rr0420,ME11Jun2004-rr0420_51.fasta
3300043435_59.fna,3300043435_59,3300043435,59,ME27May2015-rr0294,ME27May2015-rr0294_59.fasta
3300043436_13.fna,3300043436_13,3300043436,13,ME17Jul2000-rr0308,ME17Jul2000-rr0308_13.fasta
3300043436_92.fna,3300043436_92,3300043436,92,ME17Jul2000-rr0308,ME17Jul2000-rr0308_92.fasta
3300043436_98.fna,3300043436_98,3300043436,98,ME17Jul2000-rr0308,ME17Jul2000-rr0308_98.fasta
3300043436_99.fna,3300043436_99,3300043436,99,ME17Jul2000-rr0308,ME17Jul2000-rr0308_99.fasta
3300043437_141.fna,3300043437_141,3300043437,141,ME06Aug2004-rr0316,ME06Aug2004-rr0316_141.fasta
3300043437_20.fna,3300043437_20,3300043437,20,ME06Aug2004-rr0316,ME06Aug2004-rr0316_20.fasta
3300043437_56.fna,3300043437_56,3300043437,56,ME06Aug2004-rr0316,ME06Aug2004-rr0316_56.fasta
3300043437_65.fna,3300043437_65,3300043437,65,ME06Aug2004-rr0316,ME06Aug2004-rr0316_65.fasta
3300043437_86.fna,3300043437_86,3300043437,86,ME06Aug2004-rr0316,ME06Aug2004-rr0316_86.fasta
3300043438_126.fna,3300043438_126,3300043438,126,ME13Jun2013-rr0329,ME13Jun2013-rr0329_126.fasta
3300043438_43.fna,3300043438_43,3300043438,43,ME13Jun2013-rr0329,ME13Jun2013-rr0329_43.fasta
3300043438_53.fna,3300043438_53,3300043438,53,ME13Jun2013-rr0329,ME13Jun2013-rr0329_53.fasta
3300043438_75.fna,3300043438_75,3300043438,75,ME13Jun2013-rr0329,ME13Jun2013-rr0329_75.fasta
3300043438_9.fna,3300043438_9,3300043438,9,ME13Jun2013-rr0329,ME13Jun2013-rr0329_9.fasta
3300043464_109.fna,3300043464_109,3300043464,109,ME21Sep2011-rr0290,ME21Sep2011-rr0290_109.fasta
3300043464_12.fna,3300043464_12,3300043464,12,ME21Sep2011-rr0290,ME21Sep2011-rr0290_12.fasta
3300043464_125.fna,3300043464_125,3300043464,125,ME21Sep2011-rr0290,ME21Sep2011-rr0290_125.fasta
3300043464_87.fna,3300043464_87,3300043464,87,ME21Sep2011-rr0290,ME21Sep2011-rr0290_87.fasta
3300043465_50.fna,3300043465_50,3300043465,50,ME30May2014-rr0298,ME30May2014-rr0298_50.fasta
3300043465_81.fna,3300043465_81,3300043465,81,ME30May2014-rr0298,ME30May2014-rr0298_81.fasta
3300043466_45.fna,3300043466_45,3300043466,45,ME01Aug2000-rr0310,ME01Aug2000-rr0310_45.fasta
3300043466_5.fna,3300043466_5,3300043466,5,ME01Aug2000-rr0310,ME01Aug2000-rr0310_5.fasta
3300043466_56.fna,3300043466_56,3300043466,56,ME01Aug2000-rr0310,ME01Aug2000-rr0310_56.fasta
3300043466_78.fna,3300043466_78,3300043466,78,ME01Aug2000-rr0310,ME01Aug2000-rr0310_78.fasta
3300043467_73.fna,3300043467_73,3300043467,73,ME31May2015-rr0313,ME31May2015-rr0313_73.fasta
3300043468_3.fna,3300043468_3,3300043468,3,ME27Sep2012-rr0314,ME27Sep2012-rr0314_3.fasta
3300043468_55.fna,3300043468_55,3300043468,55,ME27Sep2012-rr0314,ME27Sep2012-rr0314_55.fasta
3300043470_113.fna,3300043470_113,3300043470,113,ME05Jun2018-rr0330,ME05Jun2018-rr0330_113.fasta
3300043470_148.fna,3300043470_148,3300043470,148,ME05Jun2018-rr0330,ME05Jun2018-rr0330_148.fasta
3300043470_44.fna,3300043470_44,3300043470,44,ME05Jun2018-rr0330,ME05Jun2018-rr0330_44.fasta
3300043539_89.fna,3300043539_89,3300043539,89,ME09Nov2012-rr0961,ME09Nov2012-rr0961_89.fasta
3300043567_17.fna,3300043567_17,3300043567,17,ME11Oct2014-rr0299,ME11Oct2014-rr0299_17.fasta
3300043567_39.fna,3300043567_39,3300043567,39,ME11Oct2014-rr0299,ME11Oct2014-rr0299_39.fasta
3300043571_25.fna,3300043571_25,3300043571,25,ME26Sep2001-rr0923,ME26Sep2001-rr0923_25.fasta
3300043773_1.fna,3300043773_1,3300043773,1,ME27Jul2010-rr0311,ME27Jul2010-rr0311_1.fasta
3300043773_104.fna,3300043773_104,3300043773,104,ME27Jul2010-rr0311,ME27Jul2010-rr0311_104.fasta
3300043773_18.fna,3300043773_18,3300043773,18,ME27Jul2010-rr0311,ME27Jul2010-rr0311_18.fasta
3300043773_36.fna,3300043773_36,3300043773,36,ME27Jul2010-rr0311,ME27Jul2010-rr0311_36.fasta
3300043773_47.fna,3300043773_47,3300043773,47,ME27Jul2010-rr0311,ME27Jul2010-rr0311_47.fasta
3300043773_59.fna,3300043773_59,3300043773,59,ME27Jul2010-rr0311,ME27Jul2010-rr0311_59.fasta
3300043773_70.fna,3300043773_70,3300043773,70,ME27Jul2010-rr0311,ME27Jul2010-rr0311_70.fasta
3300043774_10.fna,3300043774_10,3300043774,10,ME25Jun2007D7-rr0328,ME25Jun2007D7-rr0328_10.fasta
3300043774_51.fna,3300043774_51,3300043774,51,ME25Jun2007D7-rr0328,ME25Jun2007D7-rr0328_51.fasta
3300043775_101.fna,3300043775_101,3300043775,101,ME26Oct2012-rr0319,ME26Oct2012-rr0319_101.fasta
3300043775_112.fna,3300043775_112,3300043775,112,ME26Oct2012-rr0319,ME26Oct2012-rr0319_112.fasta
3300043775_151.fna,3300043775_151,3300043775,151,ME26Oct2012-rr0319,ME26Oct2012-rr0319_151.fasta
3300043775_26.fna,3300043775_26,3300043775,26,ME26Oct2012-rr0319,ME26Oct2012-rr0319_26.fasta
3300043775_99.fna,3300043775_99,3300043775,99,ME26Oct2012-rr0319,ME26Oct2012-rr0319_99.fasta
3300043786_110.fna,3300043786_110,3300043786,110,ME07Sep2012-rr0302,ME07Sep2012-rr0302_110.fasta
3300043786_116.fna,3300043786_116,3300043786,116,ME07Sep2012-rr0302,ME07Sep2012-rr0302_116.fasta
3300043786_13.fna,3300043786_13,3300043786,13,ME07Sep2012-rr0302,ME07Sep2012-rr0302_13.fasta
3300043786_3.fna,3300043786_3,3300043786,3,ME07Sep2012-rr0302,ME07Sep2012-rr0302_3.fasta
3300043786_50.fna,3300043786_50,3300043786,50,ME07Sep2012-rr0302,ME07Sep2012-rr0302_50.fasta
3300043786_60.fna,3300043786_60,3300043786,60,ME07Sep2012-rr0302,ME07Sep2012-rr0302_60.fasta
3300043803_12.fna,3300043803_12,3300043803,12,ME14Aug2018-rr0942,ME14Aug2018-rr0942_12.fasta
3300043803_147.fna,3300043803_147,3300043803,147,ME14Aug2018-rr0942,ME14Aug2018-rr0942_147.fasta
3300043803_208.fna,3300043803_208,3300043803,208,ME14Aug2018-rr0942,ME14Aug2018-rr0942_208.fasta
3300043803_70.fna,3300043803_70,3300043803,70,ME14Aug2018-rr0942,ME14Aug2018-rr0942_70.fasta
3300043803_84.fna,3300043803_84,3300043803,84,ME14Aug2018-rr0942,ME14Aug2018-rr0942_84.fasta
3300043803_92.fna,3300043803_92,3300043803,92,ME14Aug2018-rr0942,ME14Aug2018-rr0942_92.fasta
3300044516_15.fna,3300044516_15,3300044516,15,ME08Nov2018-rr0969,ME08Nov2018-rr0969_15.fasta
3300044516_43.fna,3300044516_43,3300044516,43,ME08Nov2018-rr0969,ME08Nov2018-rr0969_43.fasta
3300044516_61.fna,3300044516_61,3300044516,61,ME08Nov2018-rr0969,ME08Nov2018-rr0969_61.fasta
3300044516_64.fna,3300044516_64,3300044516,64,ME08Nov2018-rr0969,ME08Nov2018-rr0969_64.fasta
3300044516_9.fna,3300044516_9,3300044516,9,ME08Nov2018-rr0969,ME08Nov2018-rr0969_9.fasta
3300044527_61.fna,3300044527_61,3300044527,61,ME13Aug2015-rr0981,ME13Aug2015-rr0981_61.fasta
3300044527_81.fna,3300044527_81,3300044527,81,ME13Aug2015-rr0981,ME13Aug2015-rr0981_81.fasta
3300044530_125.fna,3300044530_125,3300044530,125,ME16Nov2012-rr0874,ME16Nov2012-rr0874_125.fasta
3300044530_19.fna,3300044530_19,3300044530,19,ME16Nov2012-rr0874,ME16Nov2012-rr0874_19.fasta
3300044530_37.fna,3300044530_37,3300044530,37,ME16Nov2012-rr0874,ME16Nov2012-rr0874_37.fasta
3300044533_6.fna,3300044533_6,3300044533,6,ME24Oct2018-rr0987,ME24Oct2018-rr0987_6.fasta
3300044535_63.fna,3300044535_63,3300044535,63,ME07Jul2005-rr0321,ME07Jul2005-rr0321_63.fasta
3300044535_68.fna,3300044535_68,3300044535,68,ME07Jul2005-rr0321,ME07Jul2005-rr0321_68.fasta
3300044535_69.fna,3300044535_69,3300044535,69,ME07Jul2005-rr0321,ME07Jul2005-rr0321_69.fasta
3300044568_73.fna,3300044568_73,3300044568,73,ME28Feb2002-rd0943,ME28Feb2002-rd0943_73.fasta
3300044591_100.fna,3300044591_100,3300044591,100,ME17Jul2018-rr0946,ME17Jul2018-rr0946_100.fasta
3300044591_46.fna,3300044591_46,3300044591,46,ME17Jul2018-rr0946,ME17Jul2018-rr0946_46.fasta
3300044608_11.fna,3300044608_11,3300044608,11,ME06Aug2018-rr0945,ME06Aug2018-rr0945_11.fasta
3300044608_124.fna,3300044608_124,3300044608,124,ME06Aug2018-rr0945,ME06Aug2018-rr0945_124.fasta
3300044608_157.fna,3300044608_157,3300044608,157,ME06Aug2018-rr0945,ME06Aug2018-rr0945_157.fasta
3300044608_96.fna,3300044608_96,3300044608,96,ME06Aug2018-rr0945,ME06Aug2018-rr0945_96.fasta
3300044609_45.fna,3300044609_45,3300044609,45,ME26Jun2009-rr0947,ME26Jun2009-rr0947_45.fasta
3300044610_106.fna,3300044610_106,3300044610,106,ME26Sep2000-rr0949,ME26Sep2000-rr0949_106.fasta
3300044610_113.fna,3300044610_113,3300044610,113,ME26Sep2000-rr0949,ME26Sep2000-rr0949_113.fasta
3300044610_22.fna,3300044610_22,3300044610,22,ME26Sep2000-rr0949,ME26Sep2000-rr0949_22.fasta
3300044610_86.fna,3300044610_86,3300044610,86,ME26Sep2000-rr0949,ME26Sep2000-rr0949_86.fasta
3300044611_23.fna,3300044611_23,3300044611,23,ME22Aug2006D15-rr0951,ME22Aug2006D15-rr0951_23.fasta
3300044611_99.fna,3300044611_99,3300044611,99,ME22Aug2006D15-rr0951,ME22Aug2006D15-rr0951_99.fasta
3300044612_28.fna,3300044612_28,3300044612,28,ME22Sep2003-rr0966,ME22Sep2003-rr0966_28.fasta
3300044612_43.fna,3300044612_43,3300044612,43,ME22Sep2003-rr0966,ME22Sep2003-rr0966_43.fasta
3300044612_57.fna,3300044612_57,3300044612,57,ME22Sep2003-rr0966,ME22Sep2003-rr0966_57.fasta
3300044612_63.fna,3300044612_63,3300044612,63,ME22Sep2003-rr0966,ME22Sep2003-rr0966_63.fasta
3300044613_127.fna,3300044613_127,3300044613,127,ME31Aug2012-rr0970,ME31Aug2012-rr0970_127.fasta
3300044613_141.fna,3300044613_141,3300044613,141,ME31Aug2012-rr0970,ME31Aug2012-rr0970_141.fasta
3300044613_40.fna,3300044613_40,3300044613,40,ME31Aug2012-rr0970,ME31Aug2012-rr0970_40.fasta
3300044613_53.fna,3300044613_53,3300044613,53,ME31Aug2012-rr0970,ME31Aug2012-rr0970_53.fasta
3300044613_93.fna,3300044613_93,3300044613,93,ME31Aug2012-rr0970,ME31Aug2012-rr0970_93.fasta
3300044614_146.fna,3300044614_146,3300044614,146,ME11Jul2018-rr0974,ME11Jul2018-rr0974_146.fasta
3300044614_66.fna,3300044614_66,3300044614,66,ME11Jul2018-rr0974,ME11Jul2018-rr0974_66.fasta
3300044614_79.fna,3300044614_79,3300044614,79,ME11Jul2018-rr0974,ME11Jul2018-rr0974_79.fasta
3300044615_15.fna,3300044615_15,3300044615,15,ME16Aug2018-rr0976,ME16Aug2018-rr0976_15.fasta
3300044615_91.fna,3300044615_91,3300044615,91,ME16Aug2018-rr0976,ME16Aug2018-rr0976_91.fasta
3300044616_17.fna,3300044616_17,3300044616,17,ME05Oct2018-rr0984,ME05Oct2018-rr0984_17.fasta
3300044616_33.fna,3300044616_33,3300044616,33,ME05Oct2018-rr0984,ME05Oct2018-rr0984_33.fasta
3300044616_92.fna,3300044616_92,3300044616,92,ME05Oct2018-rr0984,ME05Oct2018-rr0984_92.fasta
3300044617_65.fna,3300044617_65,3300044617,65,ME13Sep2009-rr0959,ME13Sep2009-rr0959_65.fasta
3300044617_88.fna,3300044617_88,3300044617,88,ME13Sep2009-rr0959,ME13Sep2009-rr0959_88.fasta
3300044618_10.fna,3300044618_10,3300044618,10,ME15Jul2015-rr0960,ME15Jul2015-rr0960_10.fasta
3300044618_56.fna,3300044618_56,3300044618,56,ME15Jul2015-rr0960,ME15Jul2015-rr0960_56.fasta
3300044619_104.fna,3300044619_104,3300044619,104,ME29Jul2013-rr0963,ME29Jul2013-rr0963_104.fasta
3300044619_128.fna,3300044619_128,3300044619,128,ME29Jul2013-rr0963,ME29Jul2013-rr0963_128.fasta
3300044619_135.fna,3300044619_135,3300044619,135,ME29Jul2013-rr0963,ME29Jul2013-rr0963_135.fasta
3300044619_148.fna,3300044619_148,3300044619,148,ME29Jul2013-rr0963,ME29Jul2013-rr0963_148.fasta
3300044619_41.fna,3300044619_41,3300044619,41,ME29Jul2013-rr0963,ME29Jul2013-rr0963_41.fasta
3300044620_11.fna,3300044620_11,3300044620,11,ME30Jul2009-rr0967,ME30Jul2009-rr0967_11.fasta
3300044620_59.fna,3300044620_59,3300044620,59,ME30Jul2009-rr0967,ME30Jul2009-rr0967_59.fasta
3300044620_93.fna,3300044620_93,3300044620,93,ME30Jul2009-rr0967,ME30Jul2009-rr0967_93.fasta
3300044621_1.fna,3300044621_1,3300044621,1,ME27Jul2018-rr0973,ME27Jul2018-rr0973_1.fasta
3300044621_10.fna,3300044621_10,3300044621,10,ME27Jul2018-rr0973,ME27Jul2018-rr0973_10.fasta
3300044621_16.fna,3300044621_16,3300044621,16,ME27Jul2018-rr0973,ME27Jul2018-rr0973_16.fasta
3300044621_97.fna,3300044621_97,3300044621,97,ME27Jul2018-rr0973,ME27Jul2018-rr0973_97.fasta
3300044622_24.fna,3300044622_24,3300044622,24,ME29Jul2016-rr0985,ME29Jul2016-rr0985_24.fasta
3300044623_25.fna,3300044623_25,3300044623,25,ME09Feb2014D0-rr0986,ME09Feb2014D0-rr0986_25.fasta
3300044625_1.fna,3300044625_1,3300044625,1,ME10Oct2005-rr0878,ME10Oct2005-rr0878_1.fasta
3300044625_104.fna,3300044625_104,3300044625,104,ME10Oct2005-rr0878,ME10Oct2005-rr0878_104.fasta
3300044625_112.fna,3300044625_112,3300044625,112,ME10Oct2005-rr0878,ME10Oct2005-rr0878_112.fasta
3300044625_82.fna,3300044625_82,3300044625,82,ME10Oct2005-rr0878,ME10Oct2005-rr0878_82.fasta
3300044626_122.fna,3300044626_122,3300044626,122,ME11Aug2015-rr0891,ME11Aug2015-rr0891_122.fasta
3300044626_26.fna,3300044626_26,3300044626,26,ME11Aug2015-rr0891,ME11Aug2015-rr0891_26.fasta
3300044626_53.fna,3300044626_53,3300044626,53,ME11Aug2015-rr0891,ME11Aug2015-rr0891_53.fasta
3300044626_64.fna,3300044626_64,3300044626,64,ME11Aug2015-rr0891,ME11Aug2015-rr0891_64.fasta
3300044626_65.fna,3300044626_65,3300044626,65,ME11Aug2015-rr0891,ME11Aug2015-rr0891_65.fasta
3300044626_76.fna,3300044626_76,3300044626,76,ME11Aug2015-rr0891,ME11Aug2015-rr0891_76.fasta
3300044627_121.fna,3300044627_121,3300044627,121,ME05Aug2014-rr0877,ME05Aug2014-rr0877_121.fasta
3300044627_143.fna,3300044627_143,3300044627,143,ME05Aug2014-rr0877,ME05Aug2014-rr0877_143.fasta
3300044627_60.fna,3300044627_60,3300044627,60,ME05Aug2014-rr0877,ME05Aug2014-rr0877_60.fasta
3300044627_90.fna,3300044627_90,3300044627,90,ME05Aug2014-rr0877,ME05Aug2014-rr0877_90.fasta
3300044627_93.fna,3300044627_93,3300044627,93,ME05Aug2014-rr0877,ME05Aug2014-rr0877_93.fasta
3300044628_114.fna,3300044628_114,3300044628,114,ME22Jul2016-rr0879,ME22Jul2016-rr0879_114.fasta
3300044628_125.fna,3300044628_125,3300044628,125,ME22Jul2016-rr0879,ME22Jul2016-rr0879_125.fasta
3300044628_148.fna,3300044628_148,3300044628,148,ME22Jul2016-rr0879,ME22Jul2016-rr0879_148.fasta
3300044628_16.fna,3300044628_16,3300044628,16,ME22Jul2016-rr0879,ME22Jul2016-rr0879_16.fasta
3300044629_52.fna,3300044629_52,3300044629,52,ME20Aug2018-rr0882,ME20Aug2018-rr0882_52.fasta
3300044629_95.fna,3300044629_95,3300044629,95,ME20Aug2018-rr0882,ME20Aug2018-rr0882_95.fasta
3300044630_10.fna,3300044630_10,3300044630,10,ME23Jul2003-rr0896,ME23Jul2003-rr0896_10.fasta
3300044630_77.fna,3300044630_77,3300044630,77,ME23Jul2003-rr0896,ME23Jul2003-rr0896_77.fasta
3300044630_99.fna,3300044630_99,3300044630,99,ME23Jul2003-rr0896,ME23Jul2003-rr0896_99.fasta
3300044631_121.fna,3300044631_121,3300044631,121,ME24Jul2018-rr0916,ME24Jul2018-rr0916_121.fasta
3300044631_129.fna,3300044631_129,3300044631,129,ME24Jul2018-rr0916,ME24Jul2018-rr0916_129.fasta
3300044631_33.fna,3300044631_33,3300044631,33,ME24Jul2018-rr0916,ME24Jul2018-rr0916_33.fasta
3300044631_88.fna,3300044631_88,3300044631,88,ME24Jul2018-rr0916,ME24Jul2018-rr0916_88.fasta
3300044632_9.fna,3300044632_9,3300044632,9,ME13Oct2018-rr0927,ME13Oct2018-rr0927_9.fasta
3300044633_32.fna,3300044633_32,3300044633,32,ME01Dec2017-rr0929,ME01Dec2017-rr0929_32.fasta
3300044633_49.fna,3300044633_49,3300044633,49,ME01Dec2017-rr0929,ME01Dec2017-rr0929_49.fasta
3300044634_121.fna,3300044634_121,3300044634,121,ME08Jul2014-rr0921,ME08Jul2014-rr0921_121.fasta
3300044635_44.fna,3300044635_44,3300044635,44,ME26Jul2015-rr0898,ME26Jul2015-rr0898_44.fasta
3300044636_7.fna,3300044636_7,3300044636,7,ME08Aug2018-rr0900,ME08Aug2018-rr0900_7.fasta
3300044636_89.fna,3300044636_89,3300044636,89,ME08Aug2018-rr0900,ME08Aug2018-rr0900_89.fasta
3300044639_4.fna,3300044639_4,3300044639,4,ME15Feb2019D0-rr0924,ME15Feb2019D0-rr0924_4.fasta
3300044641_113.fna,3300044641_113,3300044641,113,ME30Sep2004-rr0934,ME30Sep2004-rr0934_113.fasta
3300044641_132.fna,3300044641_132,3300044641,132,ME30Sep2004-rr0934,ME30Sep2004-rr0934_132.fasta
3300044641_39.fna,3300044641_39,3300044641,39,ME30Sep2004-rr0934,ME30Sep2004-rr0934_39.fasta
3300044641_56.fna,3300044641_56,3300044641,56,ME30Sep2004-rr0934,ME30Sep2004-rr0934_56.fasta
3300044641_63.fna,3300044641_63,3300044641,63,ME30Sep2004-rr0934,ME30Sep2004-rr0934_63.fasta
3300044641_79.fna,3300044641_79,3300044641,79,ME30Sep2004-rr0934,ME30Sep2004-rr0934_79.fasta
3300044642_115.fna,3300044642_115,3300044642,115,ME01Jul2002-rr0930,ME01Jul2002-rr0930_115.fasta
3300044642_67.fna,3300044642_67,3300044642,67,ME01Jul2002-rr0930,ME01Jul2002-rr0930_67.fasta
3300044643_129.fna,3300044643_129,3300044643,129,ME30Jun2014-rr0938,ME30Jun2014-rr0938_129.fasta
3300044644_114.fna,3300044644_114,3300044644,114,ME12Oct2012-rr0940,ME12Oct2012-rr0940_114.fasta
3300044644_24.fna,3300044644_24,3300044644,24,ME12Oct2012-rr0940,ME12Oct2012-rr0940_24.fasta
3300044644_88.fna,3300044644_88,3300044644,88,ME12Oct2012-rr0940,ME12Oct2012-rr0940_88.fasta
3300044645_11.fna,3300044645_11,3300044645,11,ME27Jul2017-rr0288,ME27Jul2017-rr0288_11.fasta
3300044645_34.fna,3300044645_34,3300044645,34,ME27Jul2017-rr0288,ME27Jul2017-rr0288_34.fasta
3300044645_95.fna,3300044645_95,3300044645,95,ME27Jul2017-rr0288,ME27Jul2017-rr0288_95.fasta
3300044646_19.fna,3300044646_19,3300044646,19,ME22Sep2018-rr0941,ME22Sep2018-rr0941_19.fasta
3300044646_207.fna,3300044646_207,3300044646,207,ME22Sep2018-rr0941,ME22Sep2018-rr0941_207.fasta
3300044646_30.fna,3300044646_30,3300044646,30,ME22Sep2018-rr0941,ME22Sep2018-rr0941_30.fasta
3300044646_89.fna,3300044646_89,3300044646,89,ME22Sep2018-rr0941,ME22Sep2018-rr0941_89.fasta
3300044646_99.fna,3300044646_99,3300044646,99,ME22Sep2018-rr0941,ME22Sep2018-rr0941_99.fasta
3300044647_94.fna,3300044647_94,3300044647,94,ME30Jul2015-rr0283,ME30Jul2015-rr0283_94.fasta
3300044655_51.fna,3300044655_51,3300044655,51,ME03Nov2017-rr0915,ME03Nov2017-rr0915_51.fasta
3300044675_123.fna,3300044675_123,3300044675,123,ME29Jun2012-rr0975,ME29Jun2012-rr0975_123.fasta
3300044675_125.fna,3300044675_125,3300044675,125,ME29Jun2012-rr0975,ME29Jun2012-rr0975_125.fasta
3300044675_41.fna,3300044675_41,3300044675,41,ME29Jun2012-rr0975,ME29Jun2012-rr0975_41.fasta
3300044675_69.fna,3300044675_69,3300044675,69,ME29Jun2012-rr0975,ME29Jun2012-rr0975_69.fasta
3300044678_34.fna,3300044678_34,3300044678,34,ME29Aug2002-rr0778,ME29Aug2002-rr0778_34.fasta
3300044678_39.fna,3300044678_39,3300044678,39,ME29Aug2002-rr0778,ME29Aug2002-rr0778_39.fasta
3300044678_66.fna,3300044678_66,3300044678,66,ME29Aug2002-rr0778,ME29Aug2002-rr0778_66.fasta
3300044695_12.fna,3300044695_12,3300044695,12,ME01Aug2002-ww0327,ME01Aug2002-ww0327_12.fasta
3300044695_55.fna,3300044695_55,3300044695,55,ME01Aug2002-ww0327,ME01Aug2002-ww0327_55.fasta
3300044707_108.fna,3300044707_108,3300044707,108,ME15Sep2017-rr0320,ME15Sep2017-rr0320_108.fasta
3300044707_133.fna,3300044707_133,3300044707,133,ME15Sep2017-rr0320,ME15Sep2017-rr0320_133.fasta
3300044707_36.fna,3300044707_36,3300044707,36,ME15Sep2017-rr0320,ME15Sep2017-rr0320_36.fasta
3300044707_49.fna,3300044707_49,3300044707,49,ME15Sep2017-rr0320,ME15Sep2017-rr0320_49.fasta
3300044707_57.fna,3300044707_57,3300044707,57,ME15Sep2017-rr0320,ME15Sep2017-rr0320_57.fasta
3300044707_75.fna,3300044707_75,3300044707,75,ME15Sep2017-rr0320,ME15Sep2017-rr0320_75.fasta
3300044715_106.fna,3300044715_106,3300044715,106,ME11Nov2003-rr0953,ME11Nov2003-rr0953_106.fasta
3300044715_133.fna,3300044715_133,3300044715,133,ME11Nov2003-rr0953,ME11Nov2003-rr0953_133.fasta
3300044715_135.fna,3300044715_135,3300044715,135,ME11Nov2003-rr0953,ME11Nov2003-rr0953_135.fasta
3300044715_147.fna,3300044715_147,3300044715,147,ME11Nov2003-rr0953,ME11Nov2003-rr0953_147.fasta
3300044716_116.fna,3300044716_116,3300044716,116,ME22Jul2004-rr0901,ME22Jul2004-rr0901_116.fasta
3300044716_82.fna,3300044716_82,3300044716,82,ME22Jul2004-rr0901,ME22Jul2004-rr0901_82.fasta
3300044716_89.fna,3300044716_89,3300044716,89,ME22Jul2004-rr0901,ME22Jul2004-rr0901_89.fasta
3300044716_98.fna,3300044716_98,3300044716,98,ME22Jul2004-rr0901,ME22Jul2004-rr0901_98.fasta
3300044729_41.fna,3300044729_41,3300044729,41,ME04Sep2011-rr0956,ME04Sep2011-rr0956_41.fasta
3300044729_49.fna,3300044729_49,3300044729,49,ME04Sep2011-rr0956,ME04Sep2011-rr0956_49.fasta
3300044729_97.fna,3300044729_97,3300044729,97,ME04Sep2011-rr0956,ME04Sep2011-rr0956_97.fasta
3300044730_104.fna,3300044730_104,3300044730,104,ME23Sep2016-rr0978,ME23Sep2016-rr0978_104.fasta
3300044730_171.fna,3300044730_171,3300044730,171,ME23Sep2016-rr0978,ME23Sep2016-rr0978_171.fasta
3300044730_49.fna,3300044730_49,3300044730,49,ME23Sep2016-rr0978,ME23Sep2016-rr0978_49.fasta
3300044731_150.fna,3300044731_150,3300044731,150,ME10Oct2015-rr0873,ME10Oct2015-rr0873_150.fasta
3300044731_23.fna,3300044731_23,3300044731,23,ME10Oct2015-rr0873,ME10Oct2015-rr0873_23.fasta
3300044731_77.fna,3300044731_77,3300044731,77,ME10Oct2015-rr0873,ME10Oct2015-rr0873_77.fasta
3300044732_20.fna,3300044732_20,3300044732,20,ME29Jun2015-rr0880,ME29Jun2015-rr0880_20.fasta
3300044732_27.fna,3300044732_27,3300044732,27,ME29Jun2015-rr0880,ME29Jun2015-rr0880_27.fasta
3300044732_73.fna,3300044732_73,3300044732,73,ME29Jun2015-rr0880,ME29Jun2015-rr0880_73.fasta
3300044732_97.fna,3300044732_97,3300044732,97,ME29Jun2015-rr0880,ME29Jun2015-rr0880_97.fasta
3300044733_20.fna,3300044733_20,3300044733,20,ME20Aug2014-rr0926,ME20Aug2014-rr0926_20.fasta
3300044733_21.fna,3300044733_21,3300044733,21,ME20Aug2014-rr0926,ME20Aug2014-rr0926_21.fasta
3300044733_66.fna,3300044733_66,3300044733,66,ME20Aug2014-rr0926,ME20Aug2014-rr0926_66.fasta
3300044844_124.fna,3300044844_124,3300044844,124,ME20Oct2017-rr0292,ME20Oct2017-rr0292_124.fasta
3300044844_37.fna,3300044844_37,3300044844,37,ME20Oct2017-rr0292,ME20Oct2017-rr0292_37.fasta
3300044844_65.fna,3300044844_65,3300044844,65,ME20Oct2017-rr0292,ME20Oct2017-rr0292_65.fasta
3300044844_95.fna,3300044844_95,3300044844,95,ME20Oct2017-rr0292,ME20Oct2017-rr0292_95.fasta
3300044845_150.fna,3300044845_150,3300044845,150,ME15Jun2012-rr0307,ME15Jun2012-rr0307_150.fasta
3300044845_155.fna,3300044845_155,3300044845,155,ME15Jun2012-rr0307,ME15Jun2012-rr0307_155.fasta
3300044845_20.fna,3300044845_20,3300044845,20,ME15Jun2012-rr0307,ME15Jun2012-rr0307_20.fasta
3300044845_23.fna,3300044845_23,3300044845,23,ME15Jun2012-rr0307,ME15Jun2012-rr0307_23.fasta
3300044846_73.fna,3300044846_73,3300044846,73,ME15May2006D7-rr0381,ME15May2006D7-rr0381_73.fasta
3300044855_47.fna,3300044855_47,3300044855,47,ME30Aug2015-rr0910,ME30Aug2015-rr0910_47.fasta
3300044858_17.fna,3300044858_17,3300044858,17,ME24Sep2002-rr0954,ME24Sep2002-rr0954_17.fasta
3300044858_18.fna,3300044858_18,3300044858,18,ME24Sep2002-rr0954,ME24Sep2002-rr0954_18.fasta
3300044858_70.fna,3300044858_70,3300044858,70,ME24Sep2002-rr0954,ME24Sep2002-rr0954_70.fasta
3300044858_85.fna,3300044858_85,3300044858,85,ME24Sep2002-rr0954,ME24Sep2002-rr0954_85.fasta
3300044859_72.fna,3300044859_72,3300044859,72,ME08Mar2019-rr0919,ME08Mar2019-rr0919_72.fasta
3300044859_74.fna,3300044859_74,3300044859,74,ME08Mar2019-rr0919,ME08Mar2019-rr0919_74.fasta
3300044911_107.fna,3300044911_107,3300044911,107,ME08Aug2017-rr0936,ME08Aug2017-rr0936_107.fasta
3300044911_108.fna,3300044911_108,3300044911,108,ME08Aug2017-rr0936,ME08Aug2017-rr0936_108.fasta
3300044911_111.fna,3300044911_111,3300044911,111,ME08Aug2017-rr0936,ME08Aug2017-rr0936_111.fasta
3300044911_3.fna,3300044911_3,3300044911,3,ME08Aug2017-rr0936,ME08Aug2017-rr0936_3.fasta
3300044911_68.fna,3300044911_68,3300044911,68,ME08Aug2017-rr0936,ME08Aug2017-rr0936_68.fasta
3300044966_59.fna,3300044966_59,3300044966,59,ME06Nov2001-rr0968,ME06Nov2001-rr0968_59.fasta
3300044970_33.fna,3300044970_33,3300044970,33,ME30Aug2006D12-rr0909,ME30Aug2006D12-rr0909_33.fasta
3300044970_72.fna,3300044970_72,3300044970,72,ME30Aug2006D12-rr0909,ME30Aug2006D12-rr0909_72.fasta
3300044971_82.fna,3300044971_82,3300044971,82,ME10Aug2006D11-rr0977,ME10Aug2006D11-rr0977_82.fasta
3300044971_95.fna,3300044971_95,3300044971,95,ME10Aug2006D11-rr0977,ME10Aug2006D11-rr0977_95.fasta
3300044971_96.fna,3300044971_96,3300044971,96,ME10Aug2006D11-rr0977,ME10Aug2006D11-rr0977_96.fasta
3300044972_36.fna,3300044972_36,3300044972,36,ME24May2018-rr0928,ME24May2018-rr0928_36.fasta
3300044974_101.fna,3300044974_101,3300044974,101,ME14Oct2016-rr0324,ME14Oct2016-rr0324_101.fasta
3300044974_32.fna,3300044974_32,3300044974,32,ME14Oct2016-rr0324,ME14Oct2016-rr0324_32.fasta
3300044974_52.fna,3300044974_52,3300044974,52,ME14Oct2016-rr0324,ME14Oct2016-rr0324_52.fasta
3300044974_87.fna,3300044974_87,3300044974,87,ME14Oct2016-rr0324,ME14Oct2016-rr0324_87.fasta
3300044974_96.fna,3300044974_96,3300044974,96,ME14Oct2016-rr0324,ME14Oct2016-rr0324_96.fasta
